abbreviation,Formula,Description,Compartment,Charge,bigg_name,ModelSEED,New_ID,Comments,,,,
ala__L_c,C3H7NO2,L-Alanine,c,0,ala__L,,,,,,,
nad_c,C21H26N7O14P2,NAD+,c,-1,nad,,,,,,,
h2o_c,H2O,H2O,c,0,h2o,,,,,,,
pyr_c,C3H3O3,Pyruvate,c,-1,pyr,,,,,,,
nh3_c,H4N,Ammonia,c,1,nh4,,,,,,,
nadh_c,C21H27N7O14P2,NADH,c,-2,nadh,,,,,,,
h_c,H,H+,c,1,h,,,,,,,
asp__L_c,C4H6NO4,L-Aspartate,c,-1,asp__L,,,,,,,
fum_c,C4H2O4,Fumarate,c,-2,fum,,,,,,,
atp_c,C10H12N5O13P3,ATP,c,-3,atp,,,,,,,
gln_c,C5H10N2O3,L-Glutamine,c,0,gln__L,,,,,,,
amp_c,C10H12N5O7P,AMP,c,-2,amp,,,,,,,
ppi_c,HO7P2,Diphosphate,c,-2,ppi,,,,,,,
asn__L_c,C4H8N2O3,L-Asparagine,c,0,asn__L,,,,,,,
glu__L_c,C5H8NO4,L-Glutamate,c,-1,glu__L,,,,,,,
akg_c,C5H4O5,2-Oxoglutarate,c,-2,akg,,,,,,,
oa_c,C4H2O5,Oxaloacetate,c,-2,oaa,,,,,,,
o2_c,O2,O2,c,0,o2,,,,,,,
h2o2_c,H2O2,H2O2,c,0,h2o2,,,,,,,
co2_c,CO2,CO2,c,0,co2,,,,,,,
gaba_c,C4H9NO2,4-Aminobutanoate,c,0,4abut,,,,,,,
succsal_c,C4H5O3,Succinatesemialdehyde,c,-1,sucsal,,,,,,,
nadp_c,C21H25N7O17P3,NADP+,c,-3,nadp,,,,,,,
succ_c,C4H4O4,Succinate,c,-2,succ,,,,,,,
nadph_c,C21H26N7O17P3,NADPH,c,-4,nadph,,,,,,,
c20258_c,C7H9NO5,"(2S,4S)-4-Hydroxy-2,3,4,5-tetrahydrodipicolinate",c,-2,4hthdp,,,,,,,
tdhdp_c,C7H7NO4,"2,3,4,5-Tetrahydrodipicolinate",c,-2,thdp,,,,,,,
butal_c,C4H8O,Butanal,c,0,btal,,,,,,,
coa_c,C21H32N7O16P3S,CoA,c,-3,coa,,,,,,,
c40coa_c,C25H38N7O17P3S,Butanoyl-CoA,c,-3,btcoa,,,,,,,
acal_c,C2H4O,Acetaldehyde,c,0,acald,,,,,,,
accoa_c,C23H34N7O17P3S,Acetyl-CoA,c,-3,accoa,,,,,,,
c06760_c,C7H8O4,"2-Hydroxy-5-methyl-cis,cis-muconicsemialdehyde",c,0,hmccms,,,,,,,
c07478_c,C7H8O5,"2-Hydroxy-5-methyl-cis,cis-muconate ",c,0,hmccm,,,,,,,
c00682_c,C6H6O4,2-Hydroxymuconatesemialdehyde,c,0,2hmcnsad,,,,,,,
c02501_c,C6H6O5,2-Hydroxymuconate ,c,0,2hmcnsad,,,,,,,
adp_c,C10H12N5O10P2,ADP,c,-2,adp,,,,,,,
pi_c,HO4P,Orthophosphate,c,-2,pi,,,,,,,
hco3_c,CHO3,HCO3-,c,-1,hco3,,,,,,,
cap_c,CH2NO5P,Carbamoylphosphate,c,-2,cbp,,,,,,,
basp__L_c,C4H6NO7P,4-Phospho-L-aspartate,c,-2,4pasp,,,,,,,
aspsa__L_c,C4H7NO3,L-Aspartate4-semialdehyde,c,0,aspsa,,,,,,,
hser__L_c,C4H9NO3,L-Homoserine,c,0,hom__L,,,,,,,
diamibu__L_c,C4H11N2O2,"L-2,4-Diaminobutanoate",c,1,24dab,,,,,,,
phser_c,C4H8NO6P,O-Phospho-L-homoserine,c,-2,phom,,,,,,,
thr__L_c,C4H9NO3,L-Threonine,c,0,thr__L,,,,,,,
obut_c,C4H5O3,2-Oxobutanoate,c,-1,2obut,,,,,,,
3pg_c,C3H4O7P,3-Phospho-D-glycerate,c,-3,3pg,,,,,,,
php_c,C3H2O7P,3-Phosphonooxypyruvate,c,-3,3php,,,,,,,
3pser__L_c,C3H6NO6P,O-Phospho-L-serine,c,-2,pser__L,,,,,,,
ser__L_c,C3H7NO3,L-Serine,c,0,ser__L,,,,,,,
ser__D_c,C3H7NO3,D-Serine,c,0,ser__D,,,,,,,
hcys_c,C4H9NO2S,L-Homocysteine,c,0,hcys__L,,,,,,,
llct_c,C7H14N2O4S,Cystathionine,c,0,cyst__L,,,,,,,
thf_c,C19H21N7O6,Tetrahydrofolate,c,-2,thf,,,,,,,
gly_c,C2H5NO2,Glycine,c,0,gly,,,,,,,
metthf_c,C20H21N7O6,"5,10-Methylenetetrahydrofolate",c,-2,mlthf,,,,,,,
am3oxbu_c,C4H7NO3,L-2-Amino-3-oxobutanoicacid,c,0,2aobut,,,,,,,
lipoylprotein_c,C8H14NOS2R,Lipoylprotein,c,0,lprot,,,,,,,
sap_c,C9H20N2OS2R,S-Aminomethyldihydrolipoylprotein,c,1,alpro,,,,,,,
dihydrolipoylprotein_c,C8H16NOS2R,Dihydrolipoylprotein,c,0,gcvHalip,dihydrolipoylprotein,,,,,,
amacr_c,C3H5NO2,2-Aminoacrylate,c,0,2amac,,,,,,,
aser_c,C5H9NO4,O-Acetyl-L-serine,c,0,acser,,,,,,,
h2s_c,H2S,Hydrogensulfide,c,0,h2s,,,,,,,
ac_c,C2H3O2,Acetate,c,-1,ac,,,,,,,
cys_c,C3H7NO2S,L-Cysteine,c,0,cys__L,,,,,,,
mpyr_c,C3H3O3S,Mercaptopyruvate,c,-1,mercppyr,,,,,,,
cysd_c,C3H7NO2S,D-Cysteine,c,0,cys__D,,,,,,,
merlac_c,C3H5O3S,3-Mercaptolactate,c,-1,mercplac,,,,,,,
h2so3_c,HO3S,Sulfite,c,-1,so3,,,,,,,
thj_c,HO3S2,Thiosulfate,c,-1,tsul,,,,,,,
succoa_c,C25H35N7O19P3S,Succinyl-CoA,c,-4,succoa,,,,,,,
oslhser_c,C8H12NO6,O-Succinyl-L-homoserine,c,-1,suchms,,,,,,,
sam_c,C15H23N6O5S,S-Adenosyl-L-methionine,c,1,amet,,,,,,,
met_c,C5H11NO2S,L-Methionine,c,0,met__L,,,,,,,
sah_c,C14H20N6O5S,S-Adenosyl-L-homocysteine,c,0,ahcys,,,,,,,
mthptglu_c,C30H39N9O12,5-methyltetrahydropteroyltri-L-glutamicacid,c,0,mhpglu,,,,,,,
thptglu_c,C29H37N9O12,tetrahydropteroyltri-L-glutamicacid,c,0,hpglu,,,,,,,
cyts_c,C4H5N3O,Cytosine,c,0,csn,,,,,,,
5mc_c,C5H7N3O,5-Methylcytosine,c,0,5mcsn,,,,,,,
rhcys_c,C9H17NO6S,S-Ribosyl-L-homocysteine,c,0,rhcys,,,,,,,
ad_c,C5H5N5,Adenine,c,0,ade,,,,,,,
dihy23dio_c,C5H8O4,"(4S)-4,5-Dihydroxypentan-2,3-dione",c,0,dhptd,,,,,,,
dsam_c,C14H24N6O3S,S-Adenosylmethioninamine,c,2,ametam,,,,,,,
sprmd_c,C7H22N3,Spermidine,c,3,spmd,,,,,,,
5mta_c,C11H15N5O3S,5-Methylthioadenosine,c,0,5mta,,,,,,,
sprm_c,C10H30N4,Spermine,c,4,sprm,,,,,,,
c05665_c,C3H7NO,3-Aminopropanal ,c,0,aproa,,,,,,,
bala_c,C3H7NO2,beta-Alanine,c,0,ala_B,,,,,,,
ptrsc_c,C4H14N2,Putrescine,c,2,ptrc,,,,,,,
mtr_c,C6H12O4S,5-Methylthio-D-ribose,c,0,5mtr,,,,,,,
mtr1p_c,C6H11O7PS,S-Methyl-5-thio-D-ribose1-phosphate,c,-2,5mdr1p,,,,,,,
mtrl1p_c,C6H11O7PS,S-Methyl-5-thio-D-ribulose1-phosphate,c,-2,5mdru1p,,,,,,,
dmtp1p_c,C6H9O6PS,"2,3-Diketo-5-methylthiopentyl-1-phosphate",c,-2,dkmpp,,,,,,,
hykemep_c,C6H9O6PS,2-Hydroxy-3-keto-5-methylthiopentenyl-1-phosphate,c,-2,hkmpp,,,,,,,
d5mpo_c,C6H10O3S,"1,2-Dihydroxy-5-(methylthio)pent-1-en-3-one",c,0,dhmtp,,,,,,,
for_c,CHO2,Formate,c,-1,for,,,,,,,
metobu_c,C5H7O3S,4-Methylthio-2-oxobutanoicacid,c,-1,4met2obut,,,,,,,
meth_c,CH4S,Methanethiol,c,0,ch4s,,,,,,,
r2mmal_c,C5H6O5,(R)-2-Methylmalate,c,-2,2mm__R,,,,,,,
mema_c,C5H4O4,2-Methylmaleate,c,-2,2mm,,,,,,,
ery3mem_c,C5H6O5,D-erythro-3-Methylmalate,c,-2,e3mmal,,,,,,,
aclac_c,C5H7O4,(S)-2-Acetolactate,c,-1,alac__S,,,,,,,
abut_c,C6H9O4,(S)-2-Aceto-2-hydroxybutanoate,c,-1,2ahbut,,,,,,,
hmop_c,C6H9O4,(R)-3-Hydroxy-3-methyl-2-oxopentanoate,c,-1,3hmop,,,,,,,
33hmeoxobut_c,C5H7O4,3-Hydroxy-3-methyl-2-oxobutanoicacid,c,-1,33hmeoxobut,,,,,,,
dhmp_c,C6H11O4,"(R)-2,3-Dihydroxy-3-methylpentanoate",c,-1,23dhmp,,,,,,,
dh3mva_c,C5H9O4,"2,3-dihydroxy-3-methylbutanoicacid",c,-1,23dhmb,,,,,,,
3mop_c,C6H9O3,(S)-3-Methyl-2-oxopentanoicacid,c,-1,3mop,,,,,,,
dhmva_c,C5H9O4,"(R)-2,3-Dihydroxy-3-methylbutanoate",c,-1,23dhmb,,,,,,,
omval_c,C5H7O3,3-Methyl-2-oxobutanoicacid,c,-1,3mob,,,,,,,
ile_c,C6H13NO2,L-Isoleucine,c,0,ile__L,,,,,,,
val_c,C5H11NO2,L-Valine,c,0,val__L,,,,,,,
ippmal_c,C7H10O5,(2S)-2-Isopropylmalate,c,-2,3c3hmp,,,,,,,
ppmal_c,C7H8O4,2-Isopropylmaleate,c,-2,2ippm,,,,,,,
cbhcap_c,C7H10O5,"(2R,3S)-3-Isopropylmalate",c,-2,3c2hmp,,,,,,,
oicap_c,C7H8O5,(2S)-2-Isopropyl-3-oxosuccinate,c,-2,2ip3os,,,,,,,
4mop_c,C6H9O3,4-Methyl-2-oxopentanoate,c,-1,4mop,,,,,,,
leu_c,C6H13NO2,L-Leucine,c,0,leu__L,,,,,,,
mmsa_c,C4H5O3,(S)-Methylmalonatesemialdehyde,c,-1,mmtsa,,,,,,,
mmaln_c,C4H4O4,Methylmalonate,c,-2,mm,,,,,,,
mbcoa_c,C26H40N7O17P3S,(S)-2-Methylbutanoyl-CoA,c,-3,2mbcoa,,,,,,,
mcrcoa_c,C26H38N7O17P3S,2-Methylbut-2-enoyl-CoA,c,-3,3mb2coa,,,,,,,
hmbutcoa_c,C26H40N7O18P3S,"(2S,3S)-3-Hydroxy-2-methylbutanoyl-CoA",c,-3,3hmbcoa,,,,,,,
mcecoa_c,C26H38N7O18P3S,2-Methylacetoacetyl-CoA,c,-3,2maacoa,,,,,,,
propcoa_c,C24H36N7O17P3S,Propanoyl-CoA,c,-3,ppcoa,,,,,,,
ibcoa_c,C25H38N7O17P3S,Isobutyryl-CoA,c,-3,ibcoa,,,,,,,
meenco_c,C25H36N7O17P3S,2-Methylprop-2-enoyl-CoA,c,-3,2mp2coa,,,,,,,
hibutcoa_c,C25H38N7O18P3S,(S)-3-Hydroxyisobutyryl-CoA,c,-3,3hibutcoa,,,,,,,
fad_c,C27H31N9O15P2,FAD,c,-2,fad,,,,,,,
mbutcoa_c,C26H40N7O17P3S,3-Methylbutanoyl-CoA,c,-3,ivcoa,,,,,,,
fadh2_c,C27H33N9O15P2,FADH2,c,-2,fadh2,,,,,,,
mecrco_c,C26H38N7O17P3S,3-Methylcrotonyl-CoA,c,-3,3mb2coa,,,,,,,
hyisorate_c,C4H7O3,3-Hydroxy-2-methylpropanoate,c,-1,3hmp,,,,,,,
mmcoa_c,C25H35N7O19P3S,(S)-Methylmalonyl-CoA,c,-4,mmcoa__S,,,,,,,
rmmcoa_c,C25H35N7O19P3S,(R)-Methylmalonyl-CoA,c,-4,mmcoa__R,,,,,,,
aibut_c,C4H9NO2,L-3-Amino-isobutanoate,c,0,3aib,,,,,,,
dhdp_c,C7H5NO4,"L-2,3-Dihydrodipicolinate",c,-2,23dhdp,,,,,,,
acamoxm_c,C9H11NO6,N-Acetyl-L-2-amino-6-oxopimelate,c,-2,nal2a6o,,,,,,,
al26da_c,C9H15N2O5,"N6-Acetyl-LL-2,6-diaminoheptanedioate",c,-1,al26da,,,,,,,
sdapim_c,C11H16N2O7,"N-Succinyl-LL-2,6-diaminoheptanedioate",c,-2,sl26da,,,,,,,
dapim_c,C7H14N2O4,"LL-2,6-Diaminoheptanedioate",c,0,26dap_LL,,,,,,,
mdapim_c,C7H14N2O4,"meso-2,6-Diaminoheptanedioate",c,0,26dap__M,,,,,,,
lys_c,C6H15N2O2,L-Lysine,c,1,lys__L,,,,,,,
blys_c,C6H15N2O2,"(3S)-3,6-Diaminohexanoate",c,1,36dahx,,,,,,,
naglu_c,C7H9NO5,N-Acetyl-L-glutamate,c,-2,acglu,,,,,,,
naglup_c,C7H9NO8P,N-Acetyl-L-glutamate5-phosphate,c,-3,acg5p,,,,,,,
naglus_c,C7H10NO4,N-Acetyl-L-glutamate5-semialdehyde,c,-1,acg5sa,,,,,,,
naorn_c,C7H14N2O3,N-Acetylornithine,c,0,acorn,,,,,,,
orn_c,C5H13N2O2,L-Ornithine,c,1,orn,,,,,,,
citr_c,C6H13N3O3,L-Citrulline,c,0,citr__L,,,,,,,
argsucc_c,C10H17N4O6,N-(L-Arginino)succinate,c,-1,argsuc,,,,,,,
arg_c,C6H15N4O2,L-Arginine,c,1,arg__L,,,,,,,
urea_c,CH4N2O,Urea,c,0,urea,,,,,,,
agmt_c,C5H16N4,Agmatine,c,2,agm,,,,,,,
no_c,NO,Nitricoxide,c,0,no,,,,,,,
ureacar_c,C2H3N2O3,Urea-1-carboxylate,c,-1,allphn,,,,,,,
glugsal_c,C5H9NO3,L-Glutamate 5-semialdehyde,c,0,glusemald,,,,,,,
glu5p_c,C5H8NO7P,L-Glutamyl5-phosphate,c,-2,glu5p,,,,,,,
p5c_c,C5H6NO2,(S)-1-Pyrroline-5-carboxylate,c,-1,1pyr5c,,,,,,,
pro_c,C5H9NO2,L-Proline,c,0,pro__L,,,,,,,
phc_c,C5H6NO3,L-1-Pyrroline-3-hydroxy-5-carboxylate,c,-1,1p3h5c,,,,,,,
e4hglu_c,C5H8NO5,L-erythro-4-Hydroxyglutamate,c,-1,e4hglu,,,,,,,
abal_c,C4H10NO,4-Aminobutanal,c,1,4abutn,,,,,,,
hpro_c,C5H9NO3,trans-4-Hydroxy-L-proline,c,0,4hpro_LT,,,,,,,
4hglusa_c,C5H9NO4,L-4-Hydroxyglutamatesemialdehyde,c,0,4hglusa,,,,,,,
hydroxyakg_c,C5H4O6,D-4-Hydroxy-2-oxoglutarate,c,-2,4h2oxg,,,,,,,
dasp_c,C4H6NO4,D-Aspartate,c,-1,asp__D,,,,,,,
glx_c,C2HO3,Glyoxylate,c,-1,glx,,,,,,,
asprm_c,C9H23N3O,N-Acetylspermidine,c,2,n8aspmd,,,,,,,
prbatp_c,C15H19N5O20P4,Phosphoribosyl-ATP,c,-6,prbatp,,,,,,,
prpp_c,C5H8O14P3,5-Phospho-alpha-D-ribose1-diphosphate,c,-5,prpp,,,,,,,
prbamp_c,C15H19N5O14P2,Phosphoribosyl-AMP,c,-4,prbamp,,,,,,,
prfp_c,C15H21N5O15P2,5-(5-Phospho-D-ribosylaminoformimino)-1-(5-phosphoribosyl)-imidazole-4-carboxamide,c,-4,prfp,,,,,,,
prlp_c,C15H21N5O15P2,N-(5-Phospho-D-1-ribulosylformimino)-5-amino-1-(5-phospho-D-ribosyl)-4-imidazolecarboxamide,c,-4,prlp,,,,,,,
dimgp_c,C6H9N2O6P,D-erythro-1-(Imidazol-4-yl)glycerol3-phosphate,c,-2,eig3p,,,,,,,
aicar_c,C9H13N4O8P,1-(5-Phosphoribosyl)-5-amino-4-imidazolecarboxamide,c,-2,aicar,,,,,,,
imacp_c,C6H7N2O5P,3-(Imidazol-4-yl)-2-oxopropylphosphate,c,-2,imacp,,,,,,,
hisolp_c,C6H11N3O4P,L-Histidinolphosphate,c,-1,hisp,,,,,,,
hisol_c,C6H12N3O,L-Histidinol,c,1,histd,,,,,,,
his_c,C6H9N3O2,L-Histidine,c,0,his__L,,,,,,,
uroca_c,C6H5N2O2,Urocanate,c,-1,urcan,,,,,,,
imipr_c,C6H6N2O3,4-Imidazolone-5-propanoate,c,-2,4izp,,,,,,,
forglu_c,C6H9N2O4,N-Formimino-L-glutamate,c,-1,nflgln,,,,,,,
pep_c,C3H2O6P,Phosphoenolpyruvate,c,-2,pep,,,,,,,
e4p_c,C4H7O7P,D-Erythrose4-phosphate,c,-2,e4p,,,,,,,
3ddah7p_c,C7H10O10P,2-Dehydro-3-deoxy-D-arabino-heptonate7-phosphate,c,-3,2dda7p,,,,,,,
dqt_c,C7H9O6,3-Dehydroquinate,c,-1,3dhq,,,,,,,
dhsk_c,C7H7O5,3-Dehydroshikimate,c,-1,3dhsk,,,,,,,
sme_c,C7H9O5,Shikimate,c,-1,skm,,,,,,,
sme3p_c,C7H8O8P,Shikimate3-phosphate,c,-3,skm5p,,,,,,,
3psme_c,C10H9O10P,5-O-(1-Carboxyvinyl)-3-phosphoshikimate,c,-4,3psme,,,,,,,
chor_c,C10H8O6,Chorismate,c,-2,chor,,,,,,,
an_c,C7H6NO2,Anthranilate,c,-1,anth,,,,,,,
npran_c,C12H13NO9P,N-(5-Phospho-D-ribosyl)anthranilate,c,-3,pran,,,,,,,
cpad5p_c,C12H13NO9P,1-(2-Carboxyphenylamino)-1-deoxy-D-ribulose5-phosphate,c,-3,2cpr5p,,,,,,,
igp_c,C11H12NO6P,Indoleglycerolphosphate,c,-2,3ig3p,,,,,,,
t3p1_c,C3H5O6P,D-Glyceraldehyde3-phosphate,c,-2,g3p,,,,,,,
trp_c,C11H12N2O2,L-Tryptophan,c,0,trp__L,,,,,,,
c00463_c,C8H7N,Indole,c,0,indole,,,,,,,
phen_c,C10H8O6,Prephenate,c,-2,pphn,,,,,,,
phpyr_c,C9H7O3,Phenylpyruvate,c,-1,phpyr,,,,,,,
phe_c,C9H11NO2,L-Phenylalanine,c,0,phe__L,,,,,,,
4hpp_c,C9H7O4,3-(4-Hydroxyphenyl)pyruvate,c,-1,34hpp,,,,,,,
tyr_c,C9H11NO3,L-Tyrosine,c,0,tyr__L,,,,,,,
dglu_c,C5H8NO4,D-Glutamate,c,-1,glu__D,,,,,,,
dphe_c,C9H11NO2,D-Phenylalanine,c,0,phe__D,,,,,,,
phacal_c,C8H8O,Phenylacetaldehyde,c,0,pacald,,,,,,,
pac_c,C8H7O2,Phenylaceticacid,c,-1,pac,,,,,,,
fkyn_c,C11H12N2O4,L-Formylkynurenine,c,0,Lfmkynr,,,,,,,
forl_c,C8H6NO3,Formylanthranilate,c,-1,nformanth,,,,,,,
kyn_c,C10H12N2O3,L-Kynurenine,c,0,Lkynr,,,,,,,
sarc_c,C3H7NO2,Sarcosine,c,0,sarcs,,,,,,,
fald_c,CH2O,Formaldehyde,c,0,fald,,,,,,,
glyb_c,C5H11NO2,Glycinebetaine,c,0,glyb,,,,,,,
trdox_c,C6H7NO2S2R2,thioredoxindisulfide,c,0,trdox,,,,,,,
trdrd_c,C6H9NO2S2R2,thioredoxindithiol,c,0,trdrd,,,,,,,
metox_c,C5H11NO3S,L-methionineS-oxide,c,0,metox,,,,,,,
2mop_c,C4H5O3,2-Methyl-3-oxopropanoate,c,-1,2mop,,,,,,,
mtrna_c,HOX,tRNA(Met),c,0,trnamet,,,,,,,
lmettrna_c,C5H11NO2SX,L-Methionyl-tRNA(Met),c,1,mettrna,,,,,,,
tart_c,C4H4O6,L-tartarate,c,-2,tartr__L,,,,,,,
g_c,C3H5O4,D-Glycerate,c,-1,glyc__R,,,,,,,
betald_c,C5H12NO,Betainealdehyde,c,1,betald,,,,,,,
alaleu_c,C9H18N2O3,Ala-Leu,c,0,ala_leu,,,,,,,
metala_c,C8H16N2O3S,met-L-ala-L,c,0,met_L_ala__L,,,,,,,
hpyr_c,C3H3O4,Hydroxypyruvate,c,-1,hpyr,,,,,,,
ag_c,C10H12NO5,L-Arogenate,c,-1,Largn,,,,,,,
dipyrcar_c,C5H6NO2,"3,4-Dihydro-2H-Pyrrole-2-carboxylate",c,-1,1pyr5c,,,,,,,
oahser_c,C6H11NO4,O-Acetyl-L-homoserine,c,0,achms,,,,,,,
dala_c,C3H7NO2,D-Alanine,c,0,ala__D,,,,,,,
3opp_c,C3H3O3,3-Oxopropanoate,c,-1,msa,,,,,,,
prpeco_c,C24H34N7O17P3S,Propenoyl-CoA,c,-3,prpncoa,,,,,,,
hpcoa_c,C5H9NO3,L-Glutamate5-semialdehyde,c,-3,glu5sa,,,,,,,
cyste_c,C3H6NO5S,L-Cysteate,c,-1,Lcyst,,,,,,,
taur_c,C2H7NO3S,Taurine,c,0,taur,,,,,,,
selnt_c,O4Se,selenate,c,-2,sel,,,,,,,
aselnt_c,C10H13N5O10PSe,adenosinephosphoselenate,c,-1,adsel,,,,,,,
fero_c,C42H44FeN8O8S2R4,ferrocytochromec,c,2,focytC,,,,,,,
feri_c,C42H44FeN8O8S2R4,ferricytochromec,c,3,ficytC,,,,,,,
selt_c,SeO3,selenite,c,-2,slnt,,,,,,,
seld_c,HSe,selane,c,-1,seln,,,,,,,
scys_c,C3H7NO2Se,selenocysteine,c,0,selcys,,,,,,,
scyst_c,C7H14N2O4Se,L-selenocystathionine,c,0,selencysthne,,,,,,,
shsys_c,C4H8NO2Se,selenohomocysteine,c,-1,selhcys,,,,,,,
semet_c,C5H11NO2Se,selenomethionine,c,0,selmeth,,,,,,,
msel_c,CH4Se,Methylselenol,c,0,methsel,,,,,,,
cyal_c,C4H6N2O2,L-3-cyanoalanine,c,0,HC00955,,,,,,,
amprotr_c,C3H7N2,beta-Aminopropionitrile,c,1,apn3,,,,,,,
gappn_c,C8H13N3O3,gamma-glutamyl-beta-aminopropiononitrile,c,0,ggapn3,,,,,,,
gcala_c,C9H12N3O5,gamma-Glutamyl-beta-cyanoalanine,c,-1,ggbcala,,,,,,,
hcn_c,CHN,hydrogencyanide,c,0,cyan,,,,,,,
dgln_c,C5H10N2O3,D-Glutamine,c,0,gln__D,,,,,,,
rgt_c,C10H16N3O6S,Glutathione,c,-1,gthrd,,,,,,,
ogt_c,C20H30N6O12S2,Glutathionedisulfide,c,-2,gthox,,,,,,,
cgly_c,C5H10N2O3S,Cys-Gly,c,0,cgly,,,,,,,
alagln_c,C8H15N3O4,Ala-Gln,c,0,ala_L_gln__L,,,,,,,
alahis_c,C9H14N4O3,Ala-His,c,0,ala_L_his__L,,,,,,,
alaasp_c,C7H11N2O5,ala-L-asp-L,c,-1,ala_L_asp__L,,,,,,,
alaglu_c,C8H13N2O5,ala-L-glu-L,c,-1,ala_L_glu__L,,,,,,,
alathr_c,C7H14N2O4,ala-L-Thr-L,c,0,ala_L_Thr__L,,,,,,,
glyasn_c,C6H11N3O4,gly-asn-L,c,0,gly_asn__L,,,,,,,
glyasp_c,C6H9N2O5,gly-asp-L,c,-1,gly_asp__L,,,,,,,
glygln_c,C7H13N3O4,Gly-Gln,c,0,gly_gln__L,,,,,,,
glyglu_c,C7H11N2O5,gly-glu-L,c,-1,gly_glu__L,,,,,,,
glyleu_c,C8H16N2O3,Gly-Leu,c,0,gly_leu__L,,,,,,,
glymet_c,C7H14N2O3S,Gly-Met,c,0,gly_met__L,,,,,,,
glyphe_c,C11H14N2O3,Gly-Phe,c,0,gly_phe__L,,,,,,,
alagly_c,C5H10N2O3,L-alanylglycine,c,0,L_alagly,,,,,,,
arbt6p_c,C12H15O10P,Arbutin6-phosphate,c,-2,arbt6p,,,,,,,
g6p_c,C6H11O9P,D-Glucose6-phosphate,c,-2,g6p,,,,,,,
bendl_c,C6H6O2,p-Benzenediol,c,0,hqn,,,,,,,
c01172_c,C6H13O9P,beta-D-Glucose6-phosphate ,c,-2,M01389,,,,,,,
f6p_c,C6H11O9P,D-Fructose6-phosphate,c,-1,f6p,,,,,,,
fdp_c,C6H10O12P2,"D-Fructose1,6-bisphosphate",c,-4,fdp,,,,,,,
t3p2_c,C3H5O6P,Dihydroxyacetonephosphate,c,-1,dhap,,,,,,,
arbutin_e,C12H16O7,Arbutin_e,e,0,arbt,,,,,,,
sali_e,C13H18O7,Salicin_e,e,0,salcn,,,,,,,
salcn6p_c,C13H17O10P,Salicin6-phosphate,c,-2,salcn6p,,,,,,,
c04534_c,C12H23O14P,Cellobiose6-phosphate ,c,-2,cellb6p,,,,,,,
glc_c,C6H12O6,D-Glucose,c,0,glc__D,,,,,,,
g1p_c,C6H11O9P,D-Glucose1-phosphate,c,-1,g1p,,,,,,,
13pdg_c,C3H4O10P2,3-Phospho-D-glyceroylphosphate,c,-4,13dpg,,,,,,,
2pg_c,C3H4O7P,2-Phospho-D-glycerate,c,-3,2pg,,,,,,,
lac_c,C3H5O3,L-Lactate,c,-1,lac__L,,,,,,,
etol_c,C2H6O,Ethanol,c,0,etoh,,,,,,,
cit_c,C6H5O7,Citrate,c,-3,cit,,,,,,,
icit_c,C6H5O7,Isocitrate,c,-3,icit,,,,,,,
c05379_c,C6H6O7,Oxalosuccinate ,c,-2,osuc,,,,,,,
c05381_c,C16H25N4O10P2S,3-Carboxy-1-hydroxypropyl-ThPP ,c,-2,HC01435,,,,,,,
c15972_c,C8H14NOS2R,EnzymeN6-(lipoyl)lysine ,c,0,lpam,,,,,,,
c16254_c,C12H20NO4S2R,_Dihydrolipoyllysine-residuesuccinyltransferaseS-succinyldihydrolipoyllysine ,c,0,HC00695,,,,,,,
thdp_c,C12H16N4O7P2S,Thiamindiphosphate,c,-2,thmpp,,,,,,,
c15973_c,C8H16NOS2R,EnzymeN6-(dihydrolipoyl)lysine ,c,0,C02147,,,,,,,
ofer_c,X,Oxidizedferredoxin,c,0,fdxox,,,,,,,
rfer_c,XH2,Reducedferredoxin,c,0,fdxrd,,,,,,,
mal_c,C4H4O5,(S)-Malate,c,-2,mal__L,,,,,,,
d6pgl_c,C6H9O9P,"D-Glucono-1,5-lactone6-phosphate",c,-2,6pgl,,,,,,,
d6pgc_c,C6H10O10P,6-Phospho-D-gluconate,c,-3,6pgc,,,,,,,
rl5p_c,C5H9O8P,D-Ribulose5-phosphate,c,-2,ru5p__D,,,,,,,
arahe6p_c,C6H11O9P,D-arabino-3-Hexulose6-phosphate,c,-2,ah6p__D,,,,,,,
xul5p_c,C5H9O8P,D-Xylulose5-phosphate,c,-2,xu5p__D,,,,,,,
s7p_c,C7H13O10P,Sedoheptulose7-phosphate,c,-2,s7p,,,,,,,
r5p_c,C5H9O8P,D-Ribose5-phosphate,c,-2,r5p,,,,,,,
drib_c,C5H10O4,Deoxyribose,c,0,5drib,,,,,,,
dr5p_c,C5H9O7P,2-Deoxy-D-ribose5-phosphate,c,-2,2dr5p,,,,,,,
r1p_c,C5H9O8P,D-Ribose1-phosphate,c,-2,r1p,,,,,,,
rib_c,C5H10O5,D-Ribose,c,0,rib__D,,,,,,,
dr1p_c,C5H9O7P,2-Deoxy-D-ribose1-phosphate,c,-2,2dr1p,,,,,,,
glcn15lac_c,C6H10O6,"D-Glucono-1,5-lactone",c,0,dgo15lac,,,,,,,
glcnt_c,C6H11O7,D-Gluconicacid,c,-1,glcn,,,,,,,
kdg_c,C6H9O6,2-Dehydro-3-deoxy-D-gluconate,c,-1,2ddglcn,,,,,,,
kdpg_c,C6H8O9P,2-Dehydro-3-deoxy-6-phospho-D-gluconate,c,-3,2ddg6p,,,,,,,
galunt_c,C6H9O7,D-Galacturonate,c,-1,galur,,,,,,,
tagur_c,C6H9O7,D-Tagaturonate,c,-1,tagur,,,,,,,
glcunt_c,C6H9O7,D-Glucuronate,c,-1,glcur,,,,,,,
frutn_c,C6H9O7,D-Fructuronate,c,-1,fruur,,,,,,,
altrn_c,C6H11O7,D-Altronate,c,-1,altrn,,,,,,,
utp_c,C9H11N2O15P3,UTP,c,-4,utp,,,,,,,
udpg_c,C15H22N2O17P2,UDP-glucose,c,-2,udpg,,,,,,,
udpgte_c,C15H19N2O18P2,UDP-glucuronate,c,-3,udpglcur,,,,,,,
xul_c,C5H10O5,D-xylulose,c,0,xylu__D,,,,,,,
xyl_c,C5H10O5,D-Xylose,c,0,xyl__D,,,,,,,
lrl5p_c,C5H9O8P,L-Ribulose5-phosphate,c,-2,ru5p__L,,,,,,,
larab_c,C5H10O5,L-Arabinose,c,0,arab__L,,,,,,,
lrl_c,C5H10O5,L-Ribulose,c,0,rbl__L,,,,,,,
manoe_c,C6H11O7,D-Mannonate,c,-1,mana,,,,,,,
mnt1p_c,C6H13O9P,D-Mannitol1-phosphate,c,-2,mnl1p,,,,,,,
man6p_c,C6H11O9P,D-Mannose6-phosphate,c,-2,man6p,,,,,,,
man1p_c,C6H11O9P,D-Mannose1-phosphate,c,-2,man1p,,,,,,,
gtp_c,C10H12N5O14P3,GTP,c,-3,gtp,,,,,,,
gdpman_c,C16H23N5O16P2,GDP-mannose,c,-2,gdpmann,,,,,,,
f1p_c,C6H11O9P,D-Fructose1-phosphate,c,-2,f1p,,,,,,,
glyal_c,C3H6O3,D-Glyceraldehyde,c,0,glyald,,,,,,,
xol_c,C5H12O5,Xylitol,c,0,xylt,,,,,,,
fru_c,C6H12O6,D-Fructose,c,0,fru,,,,,,,
c00984_c,C6H12O6,alpha-D-Galactose ,c,0,a_gal__D,,,,,,,
gal1p_c,C6H11O9P,alpha-D-Galactose1-phosphate,c,-1,gal1p,,,,,,,
udpgal_c,C15H22N2O17P2,UDP-D-galactose,c,-2,udpgal,,,,,,,
meli_c,C12H22O11,Melibiose,c,0,melib,,,,,,,
gal_c,C6H12O6,D-Galactose,c,0,gal,,,,,,,
matr_c,C18H32O16,Manninotriose,c,0,mnt,,,,,,,
stac_c,C24H42O21,Stachyose,c,0,stys,,,,,,,
raf_c,C18H32O16,Raffinose,c,0,raffin,,,,,,,
suc_c,C12H22O11,Sucrose,c,0,sucr,,,,,,,
suc6p_c,C12H21O14P,Sucrose6-phosphate,c,-2,suc6p,,,,,,,
melt_c,C12H24O11,Melibiitol,c,0,melt,,,,,,,
sot_c,C6H14O6,D-Sorbitol,c,0,sbt__D,,,,,,,
epibio_c,C12H22O11,Epimelibiose,c,0,epm,,,,,,,
man_c,C6H12O6,D-Mannose,c,0,man,,,,,,,
dgalgly_c,C9H18O8,3-beta-D-Galactosyl-sn-glycerol,c,0,HC01444,,,,,,,
gl_c,C3H8O3,Glycerol,c,0,glyc,,,,,,,
galol_c,C12H22O11,alpha-D-galactosyl-(1->3)-1D-myo-inositol,c,0,1Dgali,,,,,,,
myoi_c,C6H12O6,myo-Inositol,c,0,inost,,,,,,,
tre6p_c,C12H21O14P,Trehalose6-phosphate,c,-2,tre6p,,,,,,,
adpglc_c,C16H23N5O15P2,ADP-glucose,c,-2,adpglc,,,,,,,
amylose_c,C24H50O24,Amylose(n),c,0,amylose,amylose,,,,,,
,,,,,,,,,,,,
star_c,C48H80O40,Starch(n),c,0,,,,,,,4 veces starch,
dex_c,C24H40O20,Dextrin(n),c,0,,,,,,,2 veces dextrin,
mlt_c,C12H22O11,Maltose,c,0,malt,,,,,,,
,,,,,,,,,,,,
levn_c,C24H42O21,Levan(n),c,0,,,,,,,,
,,,,,,,,,,,,
,,,,,,,,,,,,
murnac6p_c,C11H17NO11P,N-Acetylmuramicacid6-phosphate,c,-3,acmum6p,,,,,,,
naga6p_c,C8H14NO9P,N-Acetyl-D-glucosamine6-phosphate,c,-1,acgam6p,,,,,,,
ga6p_c,C6H13NO8P,D-Glucosamine6-phosphate,c,0,gam6p,,,,,,,
ga1p_c,C6H13NO8P,alpha-D-Glucosamine1-phosphate,c,0,gam1p,,,,,,,
naga1p_c,C8H14NO9P,N-Acetyl-alpha-D-glucosamine1-phosphate,c,-1,acgam1p,,,,,,,
udpnag_c,C17H25N3O17P2,UDP-N-acetyl-D-glucosamine,c,-2,uacgam,,,,,,,
uacmam_c,C17H25N3O17P2,UDP-N-acetyl-D-mannosamine,c,-2,uacmam,,,,,,,
uacmam_e,C17H25N3O17P2,UDP-N-acetyl-D-mannosamine_e,e,-2,uacmam,,,,,,,
uacmamu_c,C17H22N3O18P2,UDP-N-acetyl-D-mannosaminouronate,c,-3,uacmamu,,,,,,,
uacmamu_e,C17H22N3O18P2,UDP-N-acetyl-D-mannosaminouronate,e,-3,uacmamu,,,,,,,
uaccg_c,C20H26N3O19P2,UDP-N-acetyl-3-(1-carboxyvinyl)-D-glucosamine,c,-3,uaccg,,,,,,,
udpnam_c,C20H28N3O19P2,UDP-N-acetylmuramate,c,-3,uamr,,,,,,,
actp_c,C2H3O5P,Acetylphosphate,c,-2,actp,,,,,,,
mthgxl_c,C3H4O2,Methylglyoxal,c,0,mthgxl,,,,,,,
lgt_c,C13H20N3O8S,(R)-S-Lactoylglutathione,c,-1,lgt__S,,,,,,,
hyoxglu_c,C5H4O6,4-Hydroxy-2-oxoglutarate,c,-2,4h2oxg,,,,,,,
glya_c,C2H3O3,Glycolate,c,-1,glyclt,,,,,,,
mtart_c,C4H4O6,meso-Tartaricacid,c,-2,tartr__M,,,,,,,
oxgly_c,C4H2O6,Oxaloglycolate,c,-2,oxglyc,,,,,,,
aaccoa_c,C25H36N7O18P3S,Acetoacetyl-CoA,c,-3,aacoa,,,,,,,
rhybc_c,C25H38N7O18P3S,(R)-3-Hydroxybutanoyl-CoA,c,-4,3hbcoa__R,,,,,,,
hbut_c,C4H7O3,2-Hydroxybutyrate,c,-1,2hb,,,,,,,
ppap_c,C3H5O5P,Propanoylphosphate,c,-1,ppap,,,,,,,
prop_c,C3H5O2,Propanoate,c,-1,ppa,,,,,,,
c05993_c,C12H16N5O8P,Acetyladenylate,c,-2,aad,,,,,,,
c05983_c,C13H18N5O8P,Propionyladenylate ,c,-2,HC01668,,,,,,,
buac_c,C4H7O2,Butanoicacid,c,-1,but,,,,,,,
butp_c,C4H7O5P,Butanoylphosphate,c,-2,butpi,,,,,,,
3hbcoa_c,C25H38N7O18P3S,(S)-3-Hydroxybutanoyl-CoA,c,-3,3hbcoa,,,,,,,
polhybu_c,C12H18O6,Poly-beta-hydroxybutyrate,c,-3,phb,,,,,,,
actn_c,C4H8O2,(R)-Acetoin,c,0,actn__R,,,,,,,
bdoh_c,C4H10O2,"(R,R)-2,3-Butanediol",c,0,btd_RR,,,,,,,
myoip_c,C6H11O9P,myo-Inositolphosphate,c,-2,mi1p__D,,,,,,,
inosose_c,C6H10O6,"2,4,6/3,5-Pentahydroxycyclohexanone",c,0,2ins,,,,,,,
c19891_c,C6H12O6,1D-chiro-Inositol  ,c,0,inost,,,,,,,
c20251_c,C6H10O6,1-Keto-D-chiro-inositol ,c,0,2ins,,,,,,,
tchdione_c,C6H8O5,"3D-(3,5/4)-Trihydroxycyclohexane-1,2-dione",c,0,dkdi,,,,,,,
c16737_c,C6H10O6,5-Deoxy-D-glucuronate ,c,-1,,cpd16540,5dglco,,,,No existe en bigg,
dekeglu_c,C6H9O6,2-Deoxy-5-keto-D-gluconicacid,c,-1,d5kg,,,,,,,
dekg6p_c,C6H8O9P,2-Deoxy-5-keto-D-gluconicacid6-phosphate,c,-3,d5kgp,,,,,,,
t6p_c,C6H11O9P,D-Tagatose6-phosphate,c,-2,tag6p__D,,,,,,,
tagbp_c,C6H10O12P2,"D-Tagatose1,6-bisphosphate",c,-4,tagdp__D,,,,,,,
udpnaga_c,C17H25N3O17P2,UDP-N-acetyl-D-galactosamine,c,-2,udpacgal,,,,,,,
hopp_c,C3H3O4,2-Hydroxy-3-oxopropanoate,c,-1,2h3oppan,,,,,,,
glal_c,C2H4O2,Glycolaldehyde,c,0,gcald,,,,,,,
gluac_c,C6H8O6,D-Glucuronolactone,c,0,glac,,,,,,,
glucarate_c,C6H8O8,D-glucarate,c,-2,glcr,,,,,,,
lactose_c,C12H22O11,Lactose,c,0,lcts,,,,,,,
actac_c,C4H5O3,Acetoacetate,c,-1,acac,,,,,,,
butl_c,C4H10O,1-Butanol,c,0,1btol,,,,,,,
lgalnt_c,C6H11O7,L-Galactonate,c,-1,galctn__L,,,,,,,
galac_c,C6H10O6,"L-Galactono-1,4-lactone",c,0,gal14lac,,,,,,,
dglcnt_c,C6H9O7,2-dehydro-D-gluconate,c,-1,2dhglcn,,,,,,,
cellob_c,C12H22O11,cellobiose,c,0,cellb,,,,,,,
gentb_c,C12H22O11,gentiobiose,c,0,gbiose,,,,,,,
ctetraose_c,C24H42O21,cellotetraose,c,0,,cpd01376,celtetr,,,,No existe en bigg,2x celobiosa
tur_c,C12H22O11,turanose,c,0,,cpd20885,turose,,,,No existe en bigg,Anañogo de fructosa
cellot_c,C18H32O16,cellotriose,c,0,,cpd03721,celtri,,,,No existe en bigg,
gl3p_c,C3H7O6P,sn-Glycerol3-phosphate,c,-1,glyc3p,,,,,,,
h_e,H,H+_e,e,1,h,,,,,,,
mqn8_c,C51H72O2,Menaquinone8,c,0,mqn8,,,,,,,
mql8_c,C51H74O2,Menaquinol8,c,0,mql8,,,,,,,
pppi_c,H1O10P3,Triphosphate,c,-4,pppi,,,,,,,
hno2_c,NO2,Nitrite,c,-1,no2,,,,,,,
hno3_c,NO3,Nitrate,c,-1,no3,,,,,,,
n2_c,N2,nitrogen,c,0,n2,,,,,,,
slf_c,O4S,Sulfate,c,-2,so4,,,,,,,
aps_c,C10H12N5O10PS,Adenylylsulfate,c,-2,aps,,,,,,,
paps_c,C10H11N5O13P2S,3-Phosphoadenylylsulfate,c,-4,paps,,,,,,,
pap_c,C10H11N5O10P2,"Adenosine3,5-bisphosphate",c,-4,pap,,,,,,,
udpnama_c,C23H33N4O20P2,UDP-N-acetylmuramoyl-L-alanine,c,-3,uama,,,,,,,
udpnamag_c,C28H39N5O23P2,UDP-N-acetylmuramoyl-L-alanyl-D-glutamate,c,-4,uamag,,,,,,,
ugmd_c,C35H51N7O26P2,"UDP-N-acetylmuramoyl-L-alanyl-D-gamma-glutamyl-meso-2,6-diaminopimelate",c,-4,ugmd,,,,,,,
alaala_c,C6H12N2O3,D-Alanyl-D-alanine,c,0,alaala,,,,,,,
ugmda_c,C41H61N9O28P2,UDP-N-acetylmuramoyl-L-alanyl-D-glutamyl-6-carboxy-L-lysyl-D-alanyl-D-alanine,c,-4,ugmda,,,,,,,
malcoa_c,C24H33N7O19P3S,Malonyl-CoA,c,-4,malcoa,,,,,,,
acp_c,C11H21N2O7PRS,Acyl-carrierprotein,c,-1,ACP,,,,,,,
acacp_c,C13H23O8N2PRS,Acetyl-_ACP,c,-1,acACP,,,,,,,
malacp_c,C14H22N2O10PRS,Malonyl-_ACP,c,-2,malACP,,,,,,,
pmtcoa_c,C37H62N7O17P3S,palmitoyl-CoA(n-C16:0CoA),c,-3,pmtcoa,,,,,,,
c16dcoa_c,C37H60N7O17P3S,trans-Hexadec-2-enoyl-CoA,c,-3,hdd2coa,,,,,,,
hhdcoa_c,C37H62N7O18P3S,(S)-3-Hydroxyhexadecanoyl-CoA,c,-3,3hhdcoa,,,,,,,
c16ocoa_c,C37H60N7O18P3S,3-Oxopalmitoyl-CoA,c,-3,o3xopalmcoa,,,,,,,
tdcoa_c,C35H62N7O17P3S,tetradecanoyl-CoA(C14:0CoA),c,0,tdcoa,,,,,,,
c14dcoa_c,C35H56N7O17P3S,trans-Tetradec-2-enoyl-CoA,c,-4,td2coa,,,,,,,
hytecoa_c,C35H58N7O18P3S,(S)-3-Hydroxytetradecanoyl-CoA,c,-4,3htdcoa,,,,,,,
c14ocoa_c,C35H56N7O18P3S,3-Oxotetradecanoyl-CoA,c,-4,3otdcoa,,,,,,,
c120coa_c,C33H54N7O17P3S,Lauroyl-CoA,c,-4,ddcacoa,,,,,,,
tradoco_c,C33H52N7O17P3S,2-trans-Dodecenoyl-CoA,c,-4,dd2coa,,,,,,,
hydocoa_c,C33H54N7O18P3S,(S)-3-Hydroxydodecanoyl-CoA,c,-4,d3odeccoa,,,,,,,
c12ocoa_c,C33H52N7O18P3S,3-Oxododecanoyl-CoA,c,-4,3oddcoa,,,,,,,
c100coa_c,C31H50N7O17P3S,Decanoyl-CoA,c,-4,dcacoa,,,,,,,
c10dcoa_c,C31H48N7O17P3S,trans-Dec-2-enoyl-CoA,c,-4,dc2coa,,,,,,,
hydec_c,C31H50N7O18P3S,(S)-Hydroxydecanoyl-CoA,c,-4,d3eccoa,,,,,,,
c10ocoa_c,C31H48N7O18P3S,3-Oxodecanoyl-CoA,c,-4,3odcoa,,,,,,,
c80coa_c,C29H46N7O17P3S,Octanoyl-CoA,c,-4,occoa,,,,,,,
c8dcoa_c,C29H44N7O17P3S,trans-Oct-2-enoyl-CoA,c,-4,oc2coa,,,,,,,
hytacoa_c,C29H46N7O18P3S,(S)-Hydroxyoctanoyl-CoA,c,-4,3hocoa,,,,,,,
c8ocoa_c,C29H44N7O18P3S,3-Oxooctanoyl-CoA,c,-4,3oocoa,,,,,,,
c60coa_c,C27H42N7O17P3S,Hexanoyl-CoA,c,-4,hxcoa,,,,,,,
c6dcoa_c,C27H40N7O17P3S,trans-Hex-2-enoyl-CoA,c,-3,hx2coa,,,,,,,
hyhecoa_c,C27H42N7O18P3S,(S)-Hydroxyhexanoyl-CoA,c,-3,3hhcoa,,,,,,,
ohexcoa_c,C27H40N7O18P3S,3-Oxohexanoyl-CoA,c,-3,3ohcoa,,,,,,,
cronylcoa_c,C25H36N7O17P3S,Crotonoyl-CoA,c,-3,b2coa,,,,,,,
h3mcoa_c,C27H39N7O20P3S,(S)-3-Hydroxy-3-methylglutaryl-CoA,c,-4,hmgcoa,,,,,,,
hdbut_c,C4H7O3,(R)-3-Hydroxybutanoate,c,-1,bhb,,,,,,,
glyn_c,C3H6O3,Glycerone,c,0,dha,,,,,,,
cpd15327_c,C19H38O7P,1-hexadecanoyl-sn-glycerol3-phosphate,c,-1,1hdecg3p,,,,,,,
cpd15331_c,C17H34O7P,1-tetradecanoyl-sn-glycerol3-phosphate,c,-1,1tdecg3p,,,,,,,
c00412_c,C39H70N7O17P3S,Stearoyl-CoA ,c,-3,ocdccoa,,,,,,,
cpd15329_c,C21H42O7P,1-octadecanoyl-sn-glycerol3-phosphate,c,-1,1odecg3p,,,,,,,
cpd11432_c,C38H65N7O17P3S,fa11coa|Iso-C17:0CoAIsoheptadecanoyl-CoA,c,-3,hpdcacoa,,,,,,,
cpd15671_c,C20H40O7P,1-isoheptadecanoyl-sn-glycerol3-phosphate,c,-1,,cpd15671 ,ihptglcp,No existe en bigg ,,,,
cpd11434_c,C38H65N7O17P3S,fa12coa|Anteiso-C17:0CoAAnteisoheptadecanoyl-CoA,c,-3,fa12coa,,,,,,,
cpd15672_c,C20H40O7P,1-anteisoheptadecanoyl-sn-glycerol3-phosphate,c,-1,,cpd15672,aihptglcp,No existe en bigg ,,,,
cpd11435_c,C35H59N7O17P3S,fa1coa|Iso-C14:0CoAIsotetradecanoyl-CoA,c,-3,fa1coa,,,,,,,
cpd15673_c,C17H34O7P,1-isotetradecanoyl-sn-glycerol3-phosphate,c,-1,1tdecg3p,,,,,,,
cpd11437_c,C36H61N7O17P3S,fa3coa|Iso-C15:0CoAIsopentadecanoyl-CoA,c,-3,fa3coa,,,,,,,
cpd15674_c,C18H36O7P,1-isopentadecanoyl-sn-glycerol3-phosphate,c,-1,,cpd15674,iptglcp,No existe en bigg ,,,,
cpd11439_c,C36H61N7O17P3S,fa4coa|Anteiso-C15:0CoAAnteisopentadecanoyl-CoA,c,-3,fa4coa,,,,,,,
cpd15675_c,C18H36O7P,1-anteisopentadecanoyl-sn-glycerol3-phosphate,c,-1,,cpd15675,aiptglcp,No existe en bigg ,,,,
cpd11441_c,C37H63N7O17P3S,fa6coa|Iso-C16:0CoAIsohexadecanoyl-CoA,c,-3,fa6coa,,,,,,,
cpd15676_c,C19H38O7P,1-isohexadecanoyl-sn-glycerol3-phosphate,c,-1,1hdecg3p,,,,,,,
cpd15524_c,C35H68O8P,"1,2-dihexadecanoyl-sn-glycerol3-phosphate",c,-1,pa160,,,,,,,
cpd15522_c,C31H60O8P,"1,2-ditetradecanoyl-sn-glycerol3-phosphate",c,-1,pa140,,,,,,,
cpd15526_c,C39H76O8P,"1,2-dioctadecanoyl-sn-glycerol3-phosphate",c,-1,pa180,,,,,,,
cpd15677_c,C37H72O8P,"1,2-diisoheptadecanoyl-sn-glycerol3-phosphate",c,-1,12diisgly,,,,,,,
cpd15678_c,C37H72O8P,"1,2-dianteisoheptadecanoyl-sn-glycerol3-phosphate",c,-1,,cpd15678,12daihptdecglcp,No existe en bigg ,,,,
cpd15679_c,C31H60O8P,"1,2-diisotetradecanoyl-sn-glycerol3-phosphate",c,-1,,cpd15679,12ditetdecglcp,No existe en bigg ,,,,
cpd15680_c,C33H64O8P,"1,2-diisopentadecanoyl-sn-glycerol3-phosphate",c,-1,,cpd15680,12dipentdecglcp,No existe en bigg ,,,,
cpd15681_c,C33H64O8P,"1,2-dianteisopentadecanoyl-sn-glycerol3-phosphate",c,-1,,cpd15681,12daipentdecglcp,No existe en bigg ,,,,
cpd15682_c,C35H68O8P,"1,2-diisohexadecanoyl-sn-glycerol3-phosphate",c,-1,,cpd15682,12dihexdecglcp,No existe en bigg ,,,,
ctp_c,C9H12N3O14P3,CTP,c,-3,ctp,,,,,,,
cpd15683_c,C46H83N3O15P2,"CDP-1,2-diisoheptadecanoylglycerol",c,-2,,cpd15683,cdp12dihptdecglc,No existe en bigg ,,,,
cpd15684_c,C46H83N3O15P2,"CDP-1,2-dianteisoheptadecanoylglycerol",c,-2,,cpd15684,cdp12daihptdecglc,No existe en bigg ,,,,
cpd15685_c,C40H71N3O15P2,"CDP-1,2-diisotetradecanoylglycerol",c,-2,,cpd15685,cdp12ditetdecglc,No existe en bigg ,,,,
cpd15686_c,C42H75N3O15P2,"CDP-1,2-diisopentadecanoylglycerol",c,-2,,cpd15686,cdp12dipentdecglc,No existe en bigg ,,,,
cpd15687_c,C42H75N3O15P2,"CDP-1,2-dianteisopentadecanoylglycerol",c,-2,,cpd15687,cdp12daipentdecglc,No existe en bigg ,,,,
cpd15688_c,C44H79N3O15P2,"CDP-1,2-diisohexadecanoylglycerol",c,-2,,cpd15688,cdp12dihexdecglc,No existe en bigg ,,,,
cmp_c,C9H12N3O8P,CMP,c,-1,cmp,,, ,,,,
cpd15689_c,C40H76NO10P,Diisoheptadecanoylphosphatidylserine,c,-2,,cpd15689,diheptdecps,No existe en bigg ,,,,
cpd15690_c,C40H76NO10P,Dianteisoheptadecanoylphosphatidylserine,c,-2,dianphaser,,,,,,,
cpd15691_c,C34H64NO10P,Diisotetradecanoylphosphatidylserine,c,-2,,cpd15691,ditetdecps,No existe en bigg ,,,,
cpd15692_c,C36H68NO10P,Diisopentadecanoylphosphatidylserine,c,-2,,cpd15692,dipentdecps,No existe en bigg ,,,,
cpd15693_c,C36H68NO10P,Dianteisopentadecanoylphosphatidylserine,c,-2,,cpd15693,daipentdecps,No existe en bigg ,,,,
cpd15694_c,C38H72NO10P,Diisohexadecanoylphosphatidylserine,c,-2,,cpd15694,dihexdecps,No existe en bigg ,,,,
cpd15695_c,C39H78NO8P,Diisoheptadecanoylphosphatidylethanolamine,c,0,,cpd15695,diheptpet,No existe en bigg ,,,,
cpd15696_c,C39H78NO8P,Dianteisoheptadecanoylphosphatidylethanolamine,c,0,dianethal,,,,,,,
cpd15697_c,C33H66NO8P,Diisotetradecanoylphosphatidylethanolamine,c,0,,cpd15697,ditetdecpe,No existe en bigg ,,,,
cpd15698_c,C35H70NO8P,Diisopentadecanoylphosphatidylethanolamine,c,0,,cpd15698,dipentdecpe,No existe en bigg ,,,,
cpd15699_c,C35H70NO8P,Dianteisopentadecanoylphosphatidylethanolamine,c,0,,cpd15699,daipentdecpe,No existe en bigg ,,,,
cpd15700_c,C37H74NO8P,Diisohexadecanoylphosphatidylethanolamine,c,0,,cpd15700,dihexdecpe,No existe en bigg ,,,,
cpd15701_c,C37H72O5,"1,2-Diisoheptadecanoyl-sn-glycerol",c,0,12diisgly,,,,,,,
cpd15702_c,C37H72O5,"1,2-Dianteisoheptadecanoyl-sn-glycerol",c,0,,cpd15702,12daiheptdecpe,No existe en bigg ,,,,
cpd15703_c,C31H60O5,"1,2-Diisotetradecanoyl-sn-glycerol",c,0,,cpd15703,12ditetdecglc,No existe en bigg ,,,,
cpd15704_c,C33H64O5,"1,2-Diisopentadecanoyl-sn-glycerol",c,0,12diisgly,,,,,,,
cpd15705_c,C33H64O5,"1,2-Dianteisopentadecanoyl-sn-glycerol",c,0,,cpd15705,12daipentdecglc,No existe en bigg ,,,,
cpd15706_c,C35H68O5,"1,2-Diisohexadecanoyl-sn-glycerol",c,0,,cpd15706,12dihexdecdlc,No existe en bigg ,,,,
cpd15728_c,C47H88O15,"Diglucosyl-1,2dipalmitoylglycerol",c,0,dgludpalmgl,,,,,,,
udp_c,C9H11N2O12P2,UDP,c,-2,udp,,,,,,,
cpd15707_c,C53H98O20,"Triglucosyl-1,2dipalmitoylglycerol",c,0,,cpd15707,trig12dpgl,No existe en bigg ,,,,
cpd15729_c,C43H80O15,"Diglucosyl-1,2dimyristoylglycerol",c,0,dgludmygl,,,,,,,
cpd15708_c,C49H90O20,"Triglucosyl-1,2dimyristoylglycerol",c,0,,cpd15708,trig12dmgl,No existe en bigg ,,,,
cpd15730_c,C51H96O15,"Diglucosyl-1,2distearoylglycerol",c,0,digludstgl,,,,,,,
cpd15709_c,C57H106O20,"Triglucosyl-1,2distearoylglycerol",c,0,,cpd15709,trig12degl,No existe en bigg ,,,,
cpd15731_c,C49H92O15,"Diglucosyl-1,2diisoheptadecanoylglycerol",c,0,dglu12dig,,,,,,,
cpd15710_c,C55H102O20,"Triglucosyl-1,2diisoheptadecanoylglycerol",c,0,,cpd15710,tg12diheptdecgl,No existe en bigg ,,,,
cpd15732_c,C49H92O15,"Diglucosyl-1,2dianteisoheptadecanoylglycerol",c,0,,cpd15732,dg12daiheptdecgl,No existe en bigg ,,,,
cpd15711_c,C55H102O20,"Triglucosyl-1,2dianteisoheptadecanoylglycerol",c,0,,cpd15711,tg12daiheptdecgl,No existe en bigg ,,,,
cpd15733_c,C43H80O15,"Diglucosyl-1,2diisotetradecanoylglycerol",c,0,,cpd15733,dg12ditetdecgl,No existe en bigg ,,,,
cpd15712_c,C49H90O20,"Triglucosyl-1,2diisotetradecanoylglycerol",c,0,,cpd15712,tg12ditetdecgl,No existe en bigg ,,,,
cpd15734_c,C45H84O15,"Diglucosyl-1,2diisopentadecanoylglycerol",c,0,,cpd15734,dg12dipentdecgl,No existe en bigg ,,,,
cpd15713_c,C51H94O20,"Triglucosyl-1,2diisopentadecanoylglycerol",c,0,,cpd15713,tg12dipentdecgl,No existe en bigg ,,,,
cpd15735_c,C45H84O15,"Diglucosyl-1,2dianteisopentadecanoylglycerol",c,0,,cpd15735,dg12daipentdecgl,No existe en bigg ,,,,
cpd15714_c,C51H94O20,"Triglucosyl-1,2dianteisopentadecanoylglycerol",c,0,,cpd15714,tg12daipentdecgl,No existe en bigg ,,,,
cpd15736_c,C47H88O15,"Diglucosyl-1,2diisohexadecanoylglycerol",c,0,,cpd15736,dg12dihexdecgl,No existe en bigg ,,,,
cpd15715_c,C53H98O20,"Triglucosyl-1,2diisohexadecanoylglycerol",c,0,,cpd15715,tg12dihexdecgl,No existe en bigg ,,,,
cpd15716_c,C40H78O13P2,Diisoheptadecanoylphosphatidylglycerophosphate,c,-2,,cpd15716,dihepdecgp,No existe en bigg ,,,,
cpd15717_c,C40H78O13P2,Dianteisoheptadecanoylphosphatidylglycerophosphate,c,-2,,cpd15717,daiheptdecpgp,No existe en bigg ,,,,
cpd15718_c,C34H66O13P2,Diisotetradecanoylphosphatidylglycerophosphate,c,-2,,cpd15718,ditetdecpgp,No existe en bigg ,,,,
cpd15719_c,C36H70O13P2,Diisopentadecanoylphosphatidylglycerophosphate,c,-2,,cpd15719,dipentdecpgp,No existe en bigg ,,,,
cpd15720_c,C36H70O13P2,Dianteisopentadecanoylphosphatidylglycerophosphate,c,-2,,cpd15720,daipentdecpgp,No existe en bigg ,,,,
cpd15721_c,C38H74O13P2,Diisohexadecanoylphosphatidylglycerophosphate,c,-2,,cpd15721,dihexdecpg,No existe en bigg ,,,,
cpd15722_c,C40H78O10P,Diisoheptadecanoylphosphatidylglycerol,c,-1,,cpd15722,diheptdecpg,No existe en bigg ,,,,
cpd15723_c,C40H78O10P,Dianteisoheptadecanoylphosphatidylglycerol,c,-1,,cpd15723,,No existe en bigg ,,,,
cpd15724_c,C34H66O10P,Diisotetradecanoylphosphatidylglycerol,c,-1,diitpgly,,,,,,,
cpd15725_c,C36H70O10P,Diisopentadecanoylphosphatidylglycerol,c,-1,diipdpgly,,,,,,,
cpd15726_c,C36H70O10P,Dianteisopentadecanoylphosphatidylglycerol,c,-1,,cpd15726,daipentdecpgp,No existe en bigg ,,,,
cpd15727_c,C38H74O10P,Diisohexadecanoylphosphatidylglycerol,c,-1,diihexpglyc,,,,,,,
cpd15309_c,C35H68O5,"1,2-Diacyl-sn-glyceroldihexadecanoyl|1,2-Diacyl-sn-glycerol(dihexadecanoyl,n-C16:0)",c,0,12dgr160,,,,,,,
cpd15737_c,C41H78O10,"Monoglucosyl-1,2dipalmitoylglycerol",c,0,mglucsyldpalmgl,,,,,,,
cpd15307_c,C31H60O5,"1,2-Diacyl-sn-glycerolditetradecanoyl",c,0,12dgr140,,,,,,,
cpd15738_c,C37H70O10,"Monoglucosyl-1,2dimyristoylglycerol",c,0,mglucsyldmygl,,,,,,,
cpd15311_c,C39H76O5,"1,2-Diacyl-sn-glyceroldioctadecanoyl",c,0,12dgr180,,,,,,,
cpd15739_c,C45H86O10,"Monoglucosyl-1,2distearoylglycerol",c,0,mglucsyldstgl,,,,,,,
cpd15740_c,C43H82O10,"Monoglucosyl-1,2diisoheptadecanoylglycerol",c,0,,cpd15740,mg12diheptdecg,No existe en bigg ,,,,
cpd15741_c,C43H82O10,"Monoglucosyl-1,2dianteisoheptadecanoylglycerol",c,0,,cpd15741,mg12daiheptdecg,No existe en bigg ,,,,
cpd15742_c,C37H70O10,"Monoglucosyl-1,2diisotetradecanoylglycerol",c,0,,cpd15742,mg12ditetdecg,No existe en bigg ,,,,
cpd15743_c,C39H74O10,"Monoglucosyl-1,2diisopentadecanoylglycerol",c,0,,cpd15743,mg12dipentdecg,No existe en bigg ,,,,
cpd15744_c,C39H74O10,"Monoglucosyl-1,2dianteisopentadecanoylglycerol",c,0,,cpd15744,mg12daipentdecg,No existe en bigg ,,,,
cpd15745_c,C41H78O10,"Monoglucosyl-1,2diisohexadecanoylglycerol",c,0,,cpd15745,mg12dihexdecg,No existe en bigg ,,,,
cpd15538_c,C38H74O10P,"Phosphatidylglyceroldihexadecanoyl|Phosphatidylglycerol(dihexadecanoyl,n-C16:0)",c,-1,pg160,,,,,,,
cpd15782_c,C44H88N2O11P,Palmitoyllysylphophatidylglycerol,c,1,palmphgl,,,,,,,
cpd15536_c,C34H66O10P,Phosphatidylglycerolditetradecanoyl,c,-1,pg140,,,,,,,
cpd15783_c,C40H80N2O11P,Myristoyllysylphophatidylglycerol,c,1,myrphgl,,,,,,,
cpd15540_c,C42H82O10P,Phosphatidylglyceroldioctadecanoyl,c,-1,pg180,,,,,,,
cpd15784_c,C48H96N2O11P,Stearoyllysylphophatidylglycerol,c,1,strphglc,,,,,,,
cpd15785_c,C46H92N2O11P,Isoheptadecanoyllysylphophatidylglycerol,c,1,,cpd15785,iheptdeclpg,No existe en bigg ,,,,
cpd15786_c,C46H92N2O11P,Anteisoheptadecanoyllysylphophatidylglycerol,c,1,,cpd15786,aiheptdeclpg,No existe en bigg ,,,,
cpd15787_c,C40H80N2O11P,Isotetradecanoyllysylphophatidylglycerol,c,1,,cpd15787,itetdeclpg,No existe en bigg ,,,,
cpd15788_c,C42H84N2O11P,Isopentadecanoyllysylphophatidylglycerol,c,1,,cpd15788,ipentdeclpg,No existe en bigg ,,,,
cpd15789_c,C42H84N2O11P,Anteisopentadecanoyllysylphophatidylglycerol,c,1,,cpd15789,aipentdeclpg,No existe en bigg ,,,,
cpd15790_c,C44H88N2O11P,Isohexadecanoyllysylphophatidylglycerol,c,1,,cpd15790,ihexdeclpg,No existe en bigg ,,,,
cpd15791_c,C73H140O17P2,Palmitoylcardiolipin(B.megaterium),c,-2,clpn160,,,,,,,
cpd15792_c,C65H124O17P2,Myristoylcardiolipin(B.megaterium),c,-2,clpn140,,,,,,,
cpd15793_c,C81H156O17P2,Stearoylcardiolipin(B.megaterium),c,-2,clpn180,,,,,,,
cpd15794_c,C77H148O17P2,Isoheptadecanoylcardiolipin(B.megaterium),c,-2,isohdcard,,,,,,,
cpd15795_c,C77H148O17P2,Anteisoheptadecanoylcardiolipin(B.megaterium),c,-2,antcard,,,,,,,
cpd15797_c,C69H132O17P2,Isopentadecanoylcardiolipin(B.megaterium),c,-2,isopcard,,,,,,,
cpd15798_c,C69H132O17P2,Anteisopentadecanoylcardiolipin(B.megaterium),c,-2,,cpd15798,aipentdeccl,No existe en bigg ,,,,
cpd15799_c,C73H140O17P2,Isohexadecanoylcardiolipin(B.megaterium),c,-2,isohdcard,,,,,,,
cpd15423_c,C40H71N3O15P2,"CDP-1,2-ditetradecanoylglycerol",c,-2,cdpdtdecg,,,,,,,
cpd15419_c,C44H79N3O15P2,"CDP-1,2-dihexadecanoylglycerol",c,-2,cdpdhdecg,,,,,,,
cpd15421_c,C48H87N3O15P2,"CDP-1,2-dioctadecanoylglycerol",c,-2,cdpdodecg,,,,,,,
cpd15543_c,C34H66O13P2,Phosphatidylglycerophosphateditetradecanoyl,c,-2,pgp140,,,,,,,
cpd15545_c,C38H74O13P2,"Phosphatidylglycerophosphatedihexadecanoyl|Phosphatidylglycerophosphate(dihexadecanoyl,n-C16:0)",c,-2,pgp160,,,,,,,
cpd15547_c,C42H82O13P2,Phosphatidylglycerophosphatedioctadecanoyl,c,-2,pgp180,,,,,,,
cpd15553_c,C34H64NO10P,phosphatidylserineditetradecanoyl,c,-2,ps140,,,,,,,
cpd15529_c,C33H66NO8P,phosphatidylethanolamineditetradecanoyl,c,0,pe140,,,,,,,
cpd15555_c,C38H72NO10P,"phosphatidylserinedihexadecanoyl|phosphatidylserine(dihexadecanoyl,n-C16:0)",c,-2,ps160,,,,,,,
cpd15531_c,C37H74NO8P,"phosphatidylethanolaminedihexadecanoyl|phosphatidylethanolamine(dihexadecanoyl,n-C16:0)",c,0,pe160,,,,,,,
cpd15557_c,C42H80NO10P,"phosphatidylserinedioctadecanoyl|phosphatidylserine(dioctadecanoyl,n-C18:0)",c,-2,ps180,,,,,,,
cpd15533_c,C41H82NO8P,"phosphatidylethanolaminedioctadecanoyl|phosphatidylethanolamine(dioctadecanoyl,n-C18:0)",c,0,pe180,,,,,,,
glycerocho_c,C8H20NO6P,sn-glycero-3-Phosphocholine,c,0,g3pc,,,,,,,
cho_c,C5H14NO,Choline,c,1,chol,,,,,,,
glycerope_c,C5H14NO6P,sn-Glycero-3-phosphoethanolamine,c,0,g3pe,,,,,,,
etham_c,C2H8NO,Ethanolamine,c,1,etha,,,,,,,
apoacp_c,RHO,apoprotein_acylcarrierprotein,c,0,apoACP,,,,,,,
4ppnte_c,C11H21N2O7PS,Pantetheine4-phosphate,c,-2,pan4p,,,,,,,
air_c,C8H13N3O7P,Aminoimidazoleribotide,c,-1,air,,,,,,,
ahm_c,C6H9N3O,4-Amino-5-hydroxymethyl-2-methylpyrimidine,c,0,4ahmmp,,,,,,,
ahmp_c,C6H8N3O4P,4-Amino-2-methyl-5-phosphomethylpyrimidine,c,-2,4a2mpmpmd,,,,,,,
2mahmp_c,C6H8N3O7P2,2-Methyl-4-amino-5-hydroxymethylpyrimidinediphosphate,c,-3,2mahmp,,,,,,,
imgly_c,C2H2NO2,Iminoglycine,c,-1,imgly,,,,,,,
thz_c,C6H9NOS,5-(2-Hydroxyethyl)-4-methylthiazole,c,0,4mhetz,,,,,,,
thzp_c,C6H8NO4PS,4-Methyl-5-(2-phosphoethyl)-thiazole,c,-2,4mpetz,,,,,,,
thmp_c,C12H16N4O4PS,Thiaminmonophosphate,c,-1,thmmp,,,,,,,
c20247_c,C7H10NO6PS,2-(2-Carboxy-4-methylthiazol-5-yl)ethylphosphate ,c,0,2c4mthzep,,,,,,,
thme_c,C12H17N4OS,Thiamine,c,1,thm,,,,,,,
thtp_c,C12H16N4O10P3S,Thiamintriphosphate,c,-3,thmtp,,,,,,,
d6rp5p_c,C9H14N5O8P,"2,5-Diamino-6-(5-phospho-D-ribosylamino)pyrimidin-4(3H)-one",c,-2,25drapp,,,,,,,
a6rp5p_c,C9H13N4O9P,5-Amino-6-(5-phosphoribosylamino)uracil,c,-2,5apru,,,,,,,
a6rp5p2_c,C9H15N4O9P,5-Amino-6-(5-phosphoribitylamino)uracil,c,-2,5aprbu,,,,,,,
4r5au_c,C9H16N4O6,"4-(1-D-Ribitylamino)-5-amino-2,6-dihydroxypyrimidine",c,0,4r5au,,,,,,,
db4p_c,C4H7O6P,"3,4-Dihydroxy-2-butanone4-phosphate",c,-2,db4p,,,,,,,
d8rl_c,C13H17N4O6,"6,7-Dimethyl-8-(D-ribityl)lumazine",c,-1,dmlz,,,,,,,
ribflav_c,C17H20N4O6,Riboflavin,c,0,ribflv,,,,,,,
fmn_c,C17H19N4O9P,FMN,c,-2,fmn,,,,,,,
fmnh2_c,C17H21N4O9P,FMNH2,c,-2,fmnh2,,,,,,,
dimben_c,C9H10N2,Dimethylbenzimidazole,c,0,dmbzid,,,,,,,
imasp_c,C4H3NO4,Iminoaspartate,c,-2,iasp,,,,,,,
pyr2car_c,C7H3NO4,"Pyridine-2,3-dicarboxylate",c,-2,quln,,,,,,,
namn_c,C11H12NO9P,NicotinateD-ribonucleotide,c,-2,nicrnt,,,,,,,
dnad_c,C21H24N6O15P2,Deamino-NAD+,c,-2,dnad,,,,,,,
nmn_c,C11H14N2O8P,NicotinamideD-ribonucleotide,c,-1,nmn,,,,,,,
namd_c,C11H15N2O5,N-Ribosylnicotinamide,c,1,rnam,,,,,,,
nicd_c,C6H6N2O,Nicotinamide,c,0,ncam,,,,,,,
nica_c,C6H4NO2,Nicotinate,c,-1,nac,,,,,,,
akp_c,C6H9O4,2-Dehydropantoate,c,-1,2dhp,,,,,,,
pant_c,C6H11O4,(R)-Pantoate,c,-1,pant__R,,,,,,,
pnto_c,C9H16NO5,Pantothenate,c,-1,pnto__R,,,,,,,
4ppnto_c,C9H15NO8P,D-4-Phosphopantothenate,c,-3,4ppan,,,,,,,
4ppncys_c,C12H20N2O9PS,(R)-4-Phosphopantothenoyl-L-cysteine,c,-3,4ppcys,,,,,,,
ptt_c,C11H22N2O4S,Pantetheine,c,0,ptth,,,,,,,
dpcoa_c,C21H33N7O13P2S,Dephospho-CoA,c,-2,dpcoa,,,,,,,
mmeacp_c,C15H25N2O10PRS,Malonyl-_acyl-carrierproteinmethylester,c,-1,malmeACP,,,,,,,
c20372_c,C6H7O4SR,3-Ketoglutaryl-_acpmethylester ,c,0,skgmeACP,,,,,,,
gmeacp_c,C17H29N2O10PRS,Glutaryl-_acyl-carrierproteinmethylester,c,-1,glmeACP,,,,,,,
c20376_c,C8H11O4SR,3-Ketopimeloyl-_acpmethylester ,c,0,skpmeACP,,,,,,,
c20373_c,C6H9O4SR,3-Hydroxyglutaryl-_acpmethylester ,c,0,3hgmeACP,,,,,,,
c20377_c,C8H13O4SR,3-Hydroxypimeloyl-_acpmethylester ,c,0,3hpmeACP,,,,,,,
c20374_c,C6H7O3SR,Enoylglutaryl-_acpmethylester ,c,0,egmeACP,,,,,,,
c20378_c,C8H11O3SR,Enoylpimeloyl-_acpmethylester ,c,0,epmeACP,,,,,,,
pmeacp_c,C19H33N2O10PRS,Pimeloyl-_acyl-carrierproteinmethylester,c,-1,pmeACP,,,,,,,
pimacp_c,C18H31N2O10PRS,Pimeloyl-_acyl-carrierprotein,c,-1,pimACP,,,,,,,
methol_c,CH4O,methanol,c,0,meoh,,,,,,,
aona_c,C9H17NO3,8-Amino-7-oxononanoate,c,0,8aonn,,,,,,,
pmcoa_c,C28H41N7O19P3S,Pimeloyl-CoA,c,-5,pmcoa,,,,,,,
amob_c,C15H19N5O6S,S-Adenosyl-4-methylthio-2-oxobutanoate,c,0,amob,,,,,,,
danna_c,C9H21N2O2,"7,8-Diaminononanoate",c,1,dann,,,,,,,
dtb_c,C10H17N2O3,Dethiobiotin,c,-1,dtbt,,,,,,,
s_c,S,Sulfur,c,0,s,,,,,,,
bt_c,C10H15N2O3S,Biotin,c,-1,btn,,,,,,,
dad5_c,C10H13N5O3,5-Deoxyadenosine,c,0,dad_5,,,,,,,
c80acp_c,C19H35N2O8PRS,octanoyl-_acyl-carrierprotein,c,-1,octacp,,,,,,,
suldo_c,S,Sulfurdonor,c,-2,,,,??? Qué coño es esto,,,,
lpacp_c,C8H13OS3R,Lipoyl-_acp,c,0,lipACP,,,,,,,
fpyntp_c,C10H15N5O15P3,Formamidopyrimidinenucleosidetriphosphate,c,-3,fapnt,,,,,,,
diantp_c,C9H14N5O14P3,"2,5-Diaminopyrimidinenucleosidetriphosphate",c,-4,HC01652,,,,,,,
diatrpao_c,C9H14N5O14P3,"2,5-Diamino-6-(5-triphosphoryl-3,4-trihydroxy-2-oxopentyl)-amino-4-oxopyrimidine",c,-4,dattoo,,,,,,,
ahdt_c,C9H12N5O13P3,"2-Amino-4-hydroxy-6-(erythro-1,2,3-trihydroxypropyl)dihydropteridinetriphosphate",c,-4,ahdt,,,,,,,
pyrtetr_c,C9H11N5O3,6-Pyruvoyltetrahydropterin,c,0,6pthp,,,,,,,
dhp_c,C9H13N5O4,"7,8-Dihydroneopterin",c,0,HC01361,,,,,,,
ahhmp_c,C7H9N5O2,"2-Amino-4-hydroxy-6-hydroxymethyl-7,8-dihydropteridine",c,0,2ahhmp,,,,,,,
ahhmd_c,C7H8N5O8P2,"2-Amino-7,8-dihydro-4-hydroxy-6-(diphosphooxymethyl)pteridine",c,-3,2ahhmd,,,,,,,
adchor_c,C10H10NO5,4-Amino-4-deoxychorismate,c,-1,4adcho,,,,,,,
paba_c,C7H6NO2,4-Aminobenzoate,c,-1,4abz,,,,,,,
dhpt_c,C14H13N6O3,Dihydropteroate,c,-1,dhpt,,,,,,,
dhf_c,C19H19N7O6,Dihydrofolate,c,-2,dhf,,,,,,,
fol_c,C19H17N7O6,Folate,c,-2,fol,,,,,,,
thfglu_c,C24H30N8O9,Tetrahydrofolyl-_Glu(2),c,0,thfglu,,,,,,,
thfglu3_c,C29H37N9O12,Tetrahydrofolyl-_Glu(3),c,0,,,,No existe en bigg ,,,,
gar_c,C7H14N2O8P,5-Phosphoribosylglycinamide,c,-1,gar,,,,,,,
methf_c,C20H20N7O6,"5,10-Methenyltetrahydrofolate",c,-1,methf,,,,,,,
fgar_c,C8H13N2O9P,5-Phosphoribosyl-N-formylglycinamide,c,-2,fgam,,,,,,,
5fthf_c,C20H21N7O7,5-Formyltetrahydrofolate,c,-2,5fothf,,,,,,,
mthf_c,C20H23N7O6,5-Methyltetrahydrofolate,c,-2,5mthf,,,,,,,
dump_c,C9H11N2O8P,dUMP,c,-2,dump,,,,,,,
dtmp_c,C10H13N2O8P,dTMP,c,-2,dtmp,,,,,,,
fthf_c,C20H21N7O7,10-Formyltetrahydrofolate,c,-2,10fthf,,,,,,,
etrna_c,C20H29N5O16P2R2,tRNA(Glu),c,0,trnaglu,,,,,,,
lglutrna_c,C25H36N6O19P2R2,L-Glutamyl-tRNA(Glu),c,0,glutrna,,,,,,,
s4amoxope_c,C5H9NO3,(S)-4-Amino-5-oxopentanoate,c,0,glu1sa,,,,,,,
amievul_c,C5H9NO3,5-Aminolevulinate,c,0,5aop,,,,,,,
ppbg_c,C10H13N2O4,Porphobilinogen,c,-1,ppbng,,,,,,,
hmtb_c,C40H38N4O17,Hydroxymethylbilane,c,-8,hmbil,,,,,,,
udpgi_c,C40H44N4O16,uroporphyrinogenI,c,0,uppg1,,,,,,,
cpgi_c,C36H40N4O8,coproporphyrinogenI,c,-4,cpppg1,,,,,,,
upgiii_c,C40H36N4O16,UroporphyrinogenIII,c,-8,uppg3,,,,,,,
cpgiii_c,C36H40N4O8,CoproporphyrinogenIII,c,-4,cpppg3,,,,,,,
ppgix_c,C34H38N4O4,ProtoporphyrinogenIX,c,-2,pppg9,,,,,,,
pprix_c,C34H32N4O4,Protoporphyrin,c,-2,ppp9,,,,,,,
fe2_c,Fe,Fe2+,c,2,fe2,,,,,,,
fe3_c,Fe,Fe3+,c,3,fe3,,,,,,,
heme_c,C34H30FeN4O4,Heme,c,-2,pheme,,,,,,,
c05770_c,C36H38N4O8,CoproporphyrinIII ,c,0,cpp3,,,,,,,
c21284_c,C36H36FeN4O8,Fe-coproporphyrinIII ,c,0,fecpp3,,,,,,,
frdp_c,C15H25O7P2,"trans,trans-Farnesyldiphosphate",c,-3,frdp,,,,,,,
hemeo_c,C49H56FeN4O5,HemeO,c,-2,hemeO,,,,,,,
hemea_c,C49H54FeN4O6,HemeA,c,-2,hemeA,,,,,,,
pre2_c,C42H41N4O16,Precorrin2,c,-7,dscl,,,,,,,
shcr_c,C42H38N4O16,sirohydrochlorin,c,-8,scl,,,,,,,
cobalt2_c,Co,Co2+,c,2,cobalt2,,,,,,,
cosir_c,C42H36CoN4O16,Cobalt-sirohydrochlorin,c,-8,cbshclin,,,,,,,
cobfiii_c,C43H38CoN4O16,Cobalt-factorIII,c,-8,cbflll,,,,,,,
copr3_c,C43H41CoN4O16,Cobalt-precorrin3,c,-7,copre3,,,,,,,
copr4_c,C44H45CoN4O16,Cobalt-precorrin4,c,-5,copre4,,,,,,,
copr5a_c,C45H45CoN4O16,Cobalt-precorrin5A,c,-7,codscl5a,,,,,,,
copr5b_c,C43H43CoN4O16,Cobalt-precorrin5B,c,-7,codscl5b,,,,,,,
copr6_c,C44H45CoN4O16,Cobalt-precorrin6,c,-7,copre6,,,,,,,
cohyp6_c,C44H47CoN4O16,Cobalt-dihydro-precorrin6,c,-7,codhpre6,,,,,,,
copr7_c,C45H49CoN4O16,Cobalt-precorrin7,c,-7,codscl7,,,,,,,
copr8_c,C45H52CoN4O14,Cobalt-precorrin8,c,-6,codscl8x,,,,,,,
coby_c,C45H52CoN4O14,Cobyrinate,c,-6,cobya,,,,,,,
cob2dide_c,C45H56CoN6O12,"Cob(II)yrinatea,cdiamide",c,-4,co2dam,,,,,,,
pre3a_c,C43H43N4O16,precorrin3A,c,-7,pre3a,,,,,,,
pre3b_c,C43H43N4O17,Precorrin3B,c,-7,pre3b,,,,,,,
pre4_c,C44H44N4O17,Precorrin4,c,-8,pre4,,,,,,,
pre5_c,C45H46N4O17,precorrin5,c,-8,pre5,,,,,,,
pre6x_c,C44H46N4O16,Precorrin6X,c,-8,pre6a,,,,,,,
pre6y_c,C44H49N4O16,Precorrin6Y,c,-7,pre6b,,,,,,,
pre8x_c,C45H53N4O14,Precorrin8X,c,-7,hgbyr,,,,,,,
hyby_c,C45H54N4O14,Hydrogenobyrinate,c,-6,hgbyr,,,,,,,
hybyda_c,C45H58N6O12,"Hydrogenobyrinatea,cdiamide",c,-4,hgbam,,,,,,,
cob1dide_c,C45H57CoN6O12,"Cob(I)yrinatea,cdiamide",c,-4,co1dam,,,,,,,
adcodie_c,C55H68CoN11O15,"Adenosylcobyrinatea,cdiamide",c,-4,adcobdam,,,,,,,
adcohex_c,C55H76CoN15O11,Adenosylcobyrinatehexaamide,c,0,adcobn,,,,,,,
ramol_c,C3H10NO,(R)-1-aminopropan-2-ol,c,1,app,,,,,,,
adocbi_c,C58H84CoN16O11,Adenosylcobinamide,c,1,adocbi,,,,,,,
cbi_c,C48H72N11O8Co,cobinamide,c,-1,cbi,,,,,,,
adocbip_c,C58H83CoN16O14P,Adenosylcobinamidephosphate,c,-1,acap,,,,,,,
gdp_c,C10H12N5O11P2,GDP,c,-3,gdp,,,,,,,
agdpcbi_c,C68H95CoN21O21P2,adenosine-GDP-cobinamide,c,-1,agdpcbi,,,,,,,
thr3p_c,C4H8NO6P,L-ThreonineO-3-phosphate,c,-2,thrp,,,,,,,
amip_c,C3H9NO4P,D-1-Aminopropan-2-olO-phosphate,c,-1,applp,,,,,,,
ri5p_c,C14H17N2O7P,alpha-ribazole5-phosphate,c,-2,5prdmbz,,,,,,,
ribaz_c,C14H18N2O4,alpha-Ribazole,c,0,rdmbzi,,,,,,,
cobce_c,C72H100CoN18O17P,Cobamidecoenzyme,c,0,adocbl,,,,,,,
gmp_c,C10H12N5O8P,GMP,c,-2,gmp,,,,,,,
ichor_c,C10H8O6,Isochorismate,c,-2,ichor,,,,,,,
succyca_c,C14H13O9,2-Succinyl-5-enolpyruvyl-6-hydroxy-3-cyclohexene-1-carboxylate,c,-3,sephcpc,,,,,,,
shchc_c,C11H10O6,"(1R,6R)-6-Hydroxy-2-succinylcyclohexa-2,4-diene-1-carboxylate",c,-2,2shchc,,,,,,,
sucben_c,C11H8O5,2-Succinylbenzoate,c,-2,sucbz,,,,,,,
sucbenco_c,C32H39N7O20P3S,2-Succinylbenzoyl-CoA,c,-5,sbzcoa,,,,,,,
dhntcoa_c,C32H38N7O19P3S,"1,4-Dihydroxy-2-naphthoyl-CoA",c,-4,14dhncoa,,,,,,,
dhn_c,C11H7O4,"1,4-Dihydroxy-2-naphthoate",c,-1,dhna,,,,,,,
opp_c,C40H65O7P2,all-trans-Octaprenyldiphosphate,c,-3,octdp,,,,,,,
dmkh_c,C50H72O2,2-demethylmenaquinol-8,c,0,2dmmql8,,,,,,,
phydp_c,C20H39O7P2,Phytyldiphosphate,c,-3,phdp,,,,,,,
2p14nq_c,C30H44O2,"2-Phytyl-1,4-naphthoquinone",c,0,dmtphllqne,,,,,,,
pq_c,C31H46O2,Phylloquinone,c,0,phllqne,,,,,,,
sihm_c,C42H36FeN4O16,Siroheme,c,-8,sheme,,,,,,,
nar_c,C11H13NO6,NicotinateD-ribonucleoside,c,0,nicrns,,,,,,,
pdxl5pi_c,C8H8NO6P,Pyridoxalphosphate,c,-2,pydx5p,,,,,,,
pdxal_c,C8H9NO3,pyridoxal,c,0,pydx,,,,,,,
pdxam_c,C8H13N2O2,pyridoxamine,c,1,pydam,,,,,,,
pdxam5pi_c,C8H12N2O5P,pyridoxamine5-phosphate,c,-1,pyam5p,,,,,,,
pdxi_c,C8H11NO3,pyridoxine,c,0,pydxn,,,,,,,
p5p_c,C8H10NO6P,pyridoxine5-phosphate,c,-2,pdx5p,,,,,,,
adpr_c,C15H21N5O14P2,ADP-ribose,c,-2,adprib,,,,,,,
pram_c,C5H11NO7P,5-Phosphoribosylamine,c,-1,pram,,,,,,,
fgam_c,C8H15N3O8P,2-(Formamido)-N1-(5-phosphoribosyl)acetamidine,c,-1,fpram,,,,,,,
c15667_c,C9H14N3O9P,5-Carboxyamino-1-(5-phospho-D-ribosyl)imidazole ,c,0,5ca1rpi,,,,,,,
cair_c,C9H11N3O9P,1-(5-Phospho-D-ribosyl)-5-amino-4-imidazolecarboxylate,c,-3,5aizc,,,,,,,
saicar_c,C13H15N4O12P,1-(5-Phosphoribosyl)-5-amino-4-(N-succinocarboxamide)-imidazole,c,-4,25aics,,,,,,,
aicad_c,C4H6N4O,5-Amino-4-imidazolecarboxyamide,c,0,5a4icam,,,,,,,
prfica_c,C10H13N4O9P,1-(5-Phosphoribosyl)-5-formamido-4-imidazolecarboxamide,c,-2,fprica,,,,,,,
imp_c,C10H11N4O8P,IMP,c,-2,imp,,,,,,,
xmp_c,C10H11N4O9P,Xanthosine5-phosphate,c,-2,xmp,,,,,,,
hyxn_c,C5H4N4O,Hypoxanthine,c,0,hxan,,,,,,,
ins_c,C10H12N4O5,Inosine,c,0,ins,,,,,,,
xtsine_c,C10H12N4O6,Xanthosine,c,0,xtsn,,,,,,,
xan_c,C5H4N4O2,Xanthine,c,0,xan,,,,,,,
asuc_c,C14H14N5O11P,"N6-(1,2-Dicarboxyethyl)-AMP",c,-4,dcamp,,,,,,,
dc_c,C9H13N3O4,Deoxycytidine,c,0,dcyt,,,,,,,
dcmp_c,C9H12N3O7P,dCMP,c,-2,dcmp,,,,,,,
adn_c,C10H13N5O4,Adenosine,c,0,adn,,,,,,,
c02354_c,C9H12N3O7P,"2',3'-CyclicCMP ",c,0,23ccmp,,,,,,,
c05822_c,C9H14N3O8P,3'-CMP ,c,0,3cmp,,,,,,,
c02355_c,C9H11N2O8P,"2',3'-CyclicUMP ",c,0,23cump,,,,,,,
c01368_c,C9H13N2O9P,3'-UMP ,c,0,3ump,,,,,,,
3amp_c,C10H12N5O7P,3-AMP,c,-2,3amp,,,,,,,
da_c,C10H13N5O3,Deoxyadenosine,c,0,dad_2,,,,,,,
din_c,C10H12N4O4,Deoxyinosine,c,0,din,,,,,,,
damp_c,C10H12N5O6P,dAMP,c,-2,damp,,,,,,,
dadp_c,C10H12N5O9P2,dADP,c,-3,dadp,,,,,,,
datp_c,C10H12N5O12P3,dATP,c,-4,datp,,,,,,,
idp_c,C10H11N4O11P2,IDP,c,-3,idp,,,,,,,
itp_c,C10H11N4O14P3,ITP,c,-4,itp,,,,,,,
dgmp_c,C10H12N5O7P,dGMP,c,-2,dgmp,,,,,,,
dgdp_c,C10H12N5O10P2,dGDP,c,-3,dgdp,,,,,,,
gn_c,C5H5N5O,Guanine,c,0,gua,,,,,,,
gsn_c,C10H13N5O5,Guanosine,c,0,gsn,,,,,,,
dg_c,C10H13N5O4,Deoxyguanosine,c,0,dgsn,,,,,,,
dgtp_c,C10H12N5O13P3,dGTP,c,-4,dgtp,,,,,,,
pppgpp_c,C10H12N5O20P5,Guanosine3-diphosphate5-triphosphate,c,-6,gdptp,,,,,,,
ppgpp_c,C10H12N5O17P4,"Guanosine3,5-bis(diphosphate)",c,-5,ppgpp,,,,,,,
didp_c,C10H11N4O10P2,dIDP,c,-3,didp,,,,,,,
ditp_c,C10H11N4O13P3,dITP,c,-4,ditp,,,,,,,
dimp_c,C10H11N4O7P,2-Deoxyinosine5-phosphate,c,-2,dimp,,,,,,,
xtp_c,C10H11N4O15P3,XTP,c,-4,xtp,,,,,,,
23cgmp_c,C10H11N5O7P,"2,3-CyclicGMP",c,-1,23cgmp,,,,,,,
3gmp_c,C10H12N5O8P,Guanosine3-phosphate,c,-2,3gmp,,,,,,,
23cgmp_e,C10H11N5O7P,"2,3-CyclicGMP",e,-1,23cgmp,,,,,,,
uri_c,C9H12N2O6,Uridine,c,0,uri,,,,,,,
cytd_c,C9H13N3O5,Cytidine,c,0,cytd,,,,,,,
urate_c,C5H4N4O3,Urate,c,0,urate,,,,,,,
att_c,C4H7N4O4,Allantoate,c,-1,alltt,,,,,,,
uglyc_c,C3H5N2O4,ureidoglycolate,c,-1,urdglyc,,,,,,,
hiur_c,C5H4N4O4,5-Hydroxyisourate,c,0,5hiu,,,,,,,
hyurcar_c,C5H5N4O5,"5-Hydroxy-2-oxo-4-ureido-2,5-dihydro-1H-imidazole-5-carboxylate",c,-1,5houdic,,,,,,,
alloin_c,C4H5N4O3,Allantoin,c,-1,alltn__R,,,,,,,
ur_c,C3H7N3O3,Ureidoglycine,c,0,urdgci,,,,,,,
c00802_c,C3H4N2O4,Oxalureate ,c,0,oxur,,,,,,,
caasp_c,C5H6N2O5,N-Carbamoyl-L-aspartate,c,-2,cbasp,,,,,,,
doroa_c,C5H5N2O4,(S)-Dihydroorotate,c,-1,dhor__S,,,,,,,
oroa_c,C5H3N2O4,Orotate,c,-1,orot,,,,,,,
omp_c,C10H10N2O11P,Orotidine5-phosphate,c,-3,orot5p,,,,,,,
ump_c,C9H11N2O9P,"UDP-N-acetylmuramoyl-L-alanyl-D-glutamyl-meso-2,6-diaminopimeloyl-D-alanyl-D-alanine",c,-1,ump,ump,,,,,,
ura_c,C4H4N2O2,Uracil,c,0,ura,,,,,,,
du_c,C9H12N2O5,Deoxyuridine,c,0,duri,,,,,,,
cdp_c,C9H12N3O11P2,CDP,c,-3,cdp,,,,,,,
dcdp_c,C9H12N3O10P2,dCDP,c,-3,dcdp,,,,,,,
dctp_c,C9H12N3O13P3,dCTP,c,-4,dctp,,,,,,,
dudp_c,C9H11N2O11P2,dUDP,c,-3,dudp,,,,,,,
dutp_c,C9H11N2O14P3,dUTP,c,-4,dutp,,,,,,,
dtdp_c,C10H13N2O11P2,dTDP,c,-3,dtdp,,,,,,,
dt_c,C10H14N2O5,Thymidine,c,0,thymd,,,,,,,
dttp_c,C10H13N2O14P3,dTTP,c,-3,dttp,,,,,,,
thy_c,C5H6N2O2,Thymine,c,0,thym,,,,,,,
56dthm_c,C5H8N2O2,dihydrothymine,c,0,56dthm,,,,,,,
dihura_c,C4H6N2O2,"5,6-Dihydrouracil",c,0,56dura,,,,,,,
caala_c,C4H7N2O3,3-Ureidopropionate,c,-1,cala,,,,,,,
glyasp_e,C6H9N2O5,gly-asp-L,e,-1,gly_asp__L,,,,,,,
alaasp_e,C7H11N2O5,ala-L-asp-L,e,-1,ala_L_asp__L,,,,,,,
alathr_e,C7H14N2O4,ala-L-Thr-L,e,0,ala_L_Thr__L,,,,,,,
glypro_e,C7H12N2O3,gly-pro-L,e,0,gly_pro__L,,,,,,,
glypro_c,C7H12N2O3,gly-pro-L,c,0,gly_pro__L,,,,,,,
glyasn_e,C6H11N3O4,gly-asn-L,e,0,gly_asn__L,,,,,,,
glymet_e,C7H14N2O3S,Gly-Met,e,0,gly_met__L,,,,,,,
metala_e,C8H16N2O3S,met-L-ala-L,e,0,met_L_ala__L,,,,,,,
alaleu_e,C9H18N2O3,Ala-Leu,e,0,ala_L_leu__L,,,,,,,
glytyr_e,C11H14N2O4,Gly-Tyr,e,0,gly_tyr__L,,,,,,,
glytyr_c,C11H14N2O4,Gly-Tyr,c,0,gly_tyr__L,,,,,,,
cgly_e,C5H10N2O3S,Gly-Cys,e,0,gly_cys__L,,,,,,,
glyglu_e,C7H11N2O5,gly-glu-L,e,-1,gly_glu__L,,,,,,,
alaglu_e,C8H13N2O5,ala-L-glu-L,e,-1,ala_L_glu__L,,,,,,,
glygln_e,C7H13N3O4,Gly-Gln,e,0,gly_gln__L,,,,,,,
alagln_e,C8H15N3O4,Ala-Gln,e,0,ala_L_gln__L,,,,,,,
alahis_e,C9H14N4O3,Ala-His,e,0,ala_L_his__L,,,,,,,
alagly_e,C5H10N2O3,L-alanylglycine,e,0,L_alagly,,,,,,,
glyphe_e,C11H14N2O3,Gly-Phe,e,0,gly_phe__L,,,,,,,
glyleu_e,C8H16N2O3,Gly-Leu,e,0,gly_leu__L,,,,,,,
taur_e,C2H7NO3S,Taurine,e,0,taur,,,,,,,
mlt_e,C12H22O11,Maltose,e,0,malt,,,,,,,
glc_e,C6H12O6,D-Glucose,e,0,glc__D,,,,,,,
larab_e,C5H10O5,L-Arabinose,e,0,arab__L,,,,,,,
lactose_e,C12H22O11,Lactose,e,0,lcts,,,,,,,
slf_e,O4S,Sulfate,e,-2,so4,,,,,,,
gl3p_e,C3H7O6P,sn-Glycerol3-phosphate,e,-2,sng3p,,,,,,,
rib_e,C5H10O5,D-Ribose,e,0,rib__D,,,,,,,
thj_e,HO3S2,Thiosulfate,e,-1,tsul,,,,,,,
glyb_e,C5H11NO2,Glycinebetaine,e,0,glyb,,,,,,,
pro_e,C5H9NO2,L-Proline,e,0,pro__L,,,,,,,
cho_e,C5H14NO,Choline,e,1,chol,,,,,,,
dmet_e,C5H11NO2S,D-Methionine,e,0,met__D,,,,,,,
dmet_c,C5H11NO2S,D-Methionine,c,0,met__D,,,,,,,
zn_e,Zn,Zinc,e,2,zn2,,,,,,,
zn_c,Zn,Zinc,c,2,zn2,,,,,,,
ferch_e,C27H45FeN9O12,Ferrichrome,e,0,fecrm,,,,,,,
ferch_c,C27H45FeN9O12,Ferrichrome,c,0,fecrm,,,,,,,
na_e,Na,Sodium,e,1,na1,,,,,,,
na_c,Na,Sodium,c,1,na1,,,,,,,
metsa_e,CH3SO3,Methanesulfonicacid,e,-1,mso3,,,,,,,
metsa_c,CH3SO3,Methanesulfonicacid,c,-1,mso3,,,,,,,
butsul_e,C4H8O3S,butanesulfonate,e,-1,butso3,,,,,,,
butsul_c,C4H8O3S,butanesulfonate,c,-1,butso3,,,,,,,
hexsul_e,C6H13O3S,hexanesulfonate,e,-1,hexs,,,,,,,
hexsul_c,C6H13O3S,hexanesulfonate,c,-1,hexs,,,,,,,
etsul_e,C2H4O3S,ethanesulfonate,e,-1,ethso3,,,,,,,
etsul_c,C2H4O3S,ethanesulfonate,c,-1,ethso3,,,,,,,
sula_e,C2H2O5S,Sulfoacetate,e,-2,sulfac,,,,,,,
sula_c,C2H2O5S,Sulfoacetate,c,-2,sulfac,,,,,,,
sprmd_e,C7H22N3,Spermidine,e,3,spmd,,,,,,,
ptrsc_e,C4H14N2,Putrescine,e,2,ptrc,,,,,,,
ca_e,Ca,Calcium,e,2,ca2,,,,,,,
ca_c,Ca,Calcium,c,2,ca2,,,,,,,
cobalt2_e,Co,Co2+,e,2,cobalt2,,,,,,,
acmum_e,C11H18NO8,N-Acetylmuramate,e,-1,acmum,,,,,,,
fru_e,C6H12O6,D-Fructose,e,0,fru,,,,,,,
mnt_e,C6H14O6,Mannitol,e,0,mnl,,,,,,,
nag_e,C8H15NO6,N-Acetyl-D-glucosamine,e,0,acgam,,,,,,,
tre_e,C12H22O11,"alpha,alpha-Trehalose",e,0,tre,,,,,,,
lac6p_c,C12H21O14P,Lactose6-phosphate,c,-2,lac6p,,,,,,,
co2_e,CO2,CO2,e,0,co2,,,,,,,
h2o_e,H2O,H2O,e,0,h2o,,,,,,,
o2_e,O2,O2,e,0,o2,,,,,,,
urea_e,CH4N2O,Urea,e,0,urea,,,,,,,
nh3_e,H4N,Ammonia,e,1,nh4,,,,,,,
cro4_c,O4Cr,chromate,c,-2,cro4,,,,,,,
cro4_e,O4Cr,chromate,e,-2,cro4,,,,,,,
k_e,K,Potassium,e,1,k,,,,,,,
k_c,K,Potassium,c,1,k,,,,,,,
mg_e,Mg,Magnesium,e,2,mg2,,,,,,,
mg_c,Mg,Magnesium,c,2,mg2,,,,,,,
fe2_e,Fe,Fe2+,e,2,fe2,,,,,,,
cd2_c,Cd2,Cadmium,c,2,cd2,,,,,,,
cd2_e,Cd2,Cadmium,e,2,cd2,,,,,,,
aseni_e,H3AsO3,arsenite,e,0,aso3,,,,,,,
aseni_c,H3AsO3,arsenite,c,0,aso3,,,,,,,
mn2_e,Mn,manganese,e,2,mn2,,,,,,,
mn2_c,Mn,manganese,c,2,mn2,,,,,,,
n2_e,N2,nitrogen,e,0,n2,,,,,,,
ppi_e,HO7P2,Diphosphate,e,-3,ppi,,,,,,,
pi_e,HO4P,Orthophosphate,e,-2,pi,,,,,,,
hno2_e,NO2,Nitrite,e,-1,no2,,,,,,,
hno3_e,NO3,Nitrate,e,-1,no3,,,,,,,
for_e,CHO2,Formate,e,-1,for,,,,,,,
lac_e,C3H5O3,L-Lactate,e,-1,lac__L,,,,,,,
actac_e,C4H5O3,Acetoacetate,e,-1,acac,,,,,,,
buac_e,C4H7O2,Butanoicacid,e,-1,but,,,,,,,
ac_e,C2H3O2,Acetate,e,-1,ac,,,,,,,
actn_e,C4H8O2,(R)-Acetoin,e,0,actn__R,,,,,,,
bdoh_e,C4H10O2,"(R,R)-2,3-Butanediol",e,0,btd_RR,,,,,,,
meli_e,C12H22O11,Melibiose,e,0,melib,,,,,,,
gl_e,C3H8O3,Glycerol,e,0,glyc,,,,,,,
gal_e,C6H12O6,D-Galactose,e,0,gal,,,,,,,
myoi_e,C6H12O6,myo-Inositol,e,0,inost,,,,,,,
xyl_e,C5H10O5,D-Xylose,e,0,xyl__D,,,,,,,
glcnt_e,C6H11O7,D-Gluconicacid,e,-1,glcn,,,,,,,
glucarate_e,C6H8O8,D-glucaricacid,e,-2,glcr,,,,,,,
galunt_e,C6H9O7,D-Galacturonate,e,-1,galur,,,,,,,
dgalac_e,C6H11O7,D-Galactonate,e,-1,galctn__D,,,,,,,
dgalac_c,C6H11O7,D-Galactonate,c,-1,galctn__D,,,,,,,
man_e,C6H12O6,D-Mannose,e,0,man,,,,,,,
alloin_e,C4H5N4O3,Allantoin,e,-1,alltn__R,,,,,,,
chor_e,C10H8O6,Chorismate,e,-2,chor,,,,,,,
fol_e,C19H17N7O6,Folate,e,-2,fol,,,,,,,
rgt_e,C10H16N3O6S,Glutathione,e,-1,gthrd,,,,,,,
cellob_e,C12H22O11,cellobiose,e,0,cellb,,,,,,,
gentb_e,C12H22O11,gentiobiose,e,0,gbiose,,,,,,,
raf_e,C18H32O16,Raffinose,e,0,raffin,,,,,,,
gaba_e,C4H9NO2,4-Aminobutanoate,e,0,4abut,,,,,,,
3pg_e,C3H4O7P,3-Phospho-D-glycerate,e,-3,3pg,,,,,,,
pyr_e,C3H3O3,Pyruvate,e,-1,pyr,,,,,,,
cit_e,C6H5O7,Citrate,e,-3,cit,,,,,,,
mal_e,C4H4O5,(S)-Malate,e,-2,mal__D,,,,,,,
succ_e,C4H4O4,Succinate,e,-2,succ,,,,,,,
fum_e,C4H2O4,Fumarate,e,-2,fum,,,,,,,
oa_e,C4H2O5,Oxaloacetate,e,-2,oaa,,,,,,,
akg_e,C5H4O5,2-Oxoglutarate,e,-2,akg,,,,,,,
gly_e,C2H5NO2,Glycine,e,0,gly,,,,,,,
ala_e,C3H7NO2,L-Alanine,e,0,ala__L,,,,,,,
dala_e,C3H7NO2,D-Alanine,e,0,ala__D,,,,,,,
lys_e,C6H15N2O2,L-Lysine,e,1,lys__L,,,,,,,
asp_e,C4H6NO4,L-Aspartate,e,-1,asp__L,,,,,,,
dser_e,C3H7NO3,D-Serine,e,0,ser__D,,,,,,,
glu_e,C5H8NO4,L-Glutamate,e,-1,glu__L,,,,,,,
gln_e,C5H10N2O3,L-Glutamine,e,0,gln__L,,,,,,,
cys_e,C3H7NO2S,L-Cysteine,e,0,cys__L,,,,,,,
his_e,C6H9N3O2,L-Histidine,e,0,his__L,,,,,,,
asn_e,C4H8N2O3,L-Asparagine,e,0,asn__L,,,,,,,
arg_e,C6H15N4O2,L-Arginine,e,1,arg__L,,,,,,,
orn_e,C5H13N2O2,L-Ornithine,e,1,orn,,,,,,,
ile_e,C6H13NO2,L-Isoleucine,e,0,ile__L,,,,,,,
leu_e,C6H13NO2,L-Leucine,e,0,leu__L,,,,,,,
val_e,C5H11NO2,L-Valine,e,0,val__L,,,,,,,
thr_e,C4H9NO3,L-Threonine,e,0,thr__L,,,,,,,
ser_e,C3H7NO3,L-Serine,e,0,ser__L,,,,,,,
phe_e,C9H11NO2,L-Phenylalanine,e,0,phe__L,,,,,,,
tyr_e,C9H11NO3,L-Tyrosine,e,0,tyr__L,,,,,,,
trp_e,C11H12N2O2,L-Tryptophan,e,0,trp__L,,,,,,,
ura_e,C4H4N2O2,Uracil,e,0,ura,,,,,,,
da_e,C10H13N5O3,Deoxyadenosine,e,0,dad_2,,,,,,,
xan_e,C5H4N4O2,Xanthine,e,0,xan,,,,,,,
cytd_e,C9H13N3O5,Cytidine,e,0,cytd,,,,,,,
uri_e,C9H12N2O6,Uridine,e,0,uri,,,,,,,
du_e,C9H12N2O5,Deoxyuridine,e,0,duri,,,,,,,
din_e,C10H12N4O4,Deoxyinosine,e,0,din,,,,,,,
dt_e,C10H14N2O5,Thymidine,e,0,thymd,,,,,,,
adn_e,C10H13N5O4,Adenosine,e,0,adn,,,,,,,
gn_e,C5H5N5O,Guanine,e,0,gua,,,,,,,
ins_e,C10H12N4O5,Inosine,e,0,ins,,,,,,,
dg_e,C10H13N5O4,Deoxyguanosine,e,0,dgsn,,,,,,,
dc_e,C9H13N3O4,Deoxycytidine,e,0,dcyt,,,,,,,
ump_e,C9H11N2O9P,"UDP-N-acetylmuramoyl-L-alanyl-D-glutamyl-meso-2,6-diaminopimeloyl-D-alanyl-D-alanine",e,-2,ump,ump,,,,,,
omp_e,C10H10N2O11P,Orotidine5-phosphate,e,-3,orot5p,,,,,,,
cyts_e,C4H5N3O,Cytosine,e,0,csn,,,,,,,
thy_e,C5H6N2O2,Thymine,e,0,thym,,,,,,,
ad_e,C5H5N5,Adenine,e,0,ade,,,,,,,
gsn_e,C10H13N5O5,Guanosine,e,0,gsn,,,,,,,
hyxn_e,C5H4N4O,Hypoxanthine,e,0,hxan,,,,,,,
bt_e,C10H15N2O3S,Biotin,e,-1,btn,,,,,,,
ribflav_e,C17H20N4O6,Riboflavin,e,0,ribflv,,,,,,,
cobce_e,C72H100CoN18O17P,Cobamidecoenzyme,e,0,adocbl,,,,,,,
oroa_e,C5H3N2O4,Orotate,e,-1,orot,,,,,,,
maln_e,C3H2O4,Malonate,e,-2,malon,,,,,,,
maln_c,C3H2O4,Malonate,c,-2,malon,,,,,,,
fmn_e,C17H19N4O9P,FMN,e,-2,fmn,,,,,,,
thme_e,C12H17N4OS,Thiamine,e,1,thm,,,,,,,
cellot_e,C18H32O16,cellotriose,e,0,cellb,,,,,,,
tur_e,C12H22O11,turanose,e,0,,cpd20885,turose,No existe en bigg ,,,,
dx5p_c,C5H9O7P,1-Deoxy-D-xylulose5-phosphate,c,-2,dxyl5p,,,,,,,
2me4p_c,C5H11O7P,2-C-Methyl-D-erythritol4-phosphate,c,-2,2me4p,,,,,,,
4c2me_c,C14H23N3O14P2,4-(Cytidine5-diphospho)-2-C-methyl-D-erythritol,c,-2,4c2me,,,,,,,
2p4c2me_c,C14H22N3O17P3,4-CDP-2-C-methyl-D-erythritol2-phosphate,c,-4,2p4c2me,,,,,,,
2mecdp_c,C5H10O9P2,"2-C-Methyl-D-erythritol2,4-cyclodiphosphate",c,-2,2mecdp,,,,,,,
h2mb4p_c,C5H9O8P2,1-Hydroxy-2-methyl-2-butenyl4-diphosphate,c,-3,h2mb4p,,,,,,,
ipp_c,C5H9O7P2,Isopentenyldiphosphate,c,-3,ipdp,,,,,,,
dmpp_c,C5H9O7P2,Dimethylallyldiphosphate,c,-3,dmpp,,,,,,,
grdp_c,C10H17O7P2,Geranyldiphosphate,c,-3,grdp,,,,,,,
gergdp_c,C20H33O7P2,Geranylgeranyldiphosphate,c,-3,ggdp,,,,,,,
udcpdp_c,C55H89O7P2,"di-trans,poly-cis-Undecaprenyldiphosphate",c,-2,udcpdp,,,,,,,
athedi_c,C35H57O7P2,all-trans-Heptaprenyldiphosphate,c,-3,hepdp,,,,,,,
preq2p_c,C30H49O7P2,Presqualenediphosphate,c,-3,psqldp,,,,,,,
sql_c,C30H50,Squalene,c,0,sql,,,,,,,
3oacoa_c,C27H37N7O20P3S,3-oxoadipyl-CoA,c,-5,oxadpcoa,,,,,,,
anil_c,C6H7N,Aniline,c,0,,cpd00245,anil,No existe en bigg ,,,,
ccl_c,C6H6O2,Catechol,c,0,catechol,,,,,,,
c03557_c,C2H8NO3P,2-Aminoethylphosphonate ,c,0,2ameph,,,,,,,
c03167_c,C2H5O4P,Phosphonoacetaldehyde,c,0,Pald,,,,,,,
c04261_c,C7H9N4O5PR2,ProteinN(pi)-phospho-L-histidine ,c,0,pplhis,,,,,,,
c00615_c,C7H8N4O2R2,Proteinhistidine ,c,0,phis__L,,,,,,,
c18237_c,C10H12MoN5O8PS2,Molybdoenzymemolybdenumcofactor ,c,0,moco,,,,,,,
c21485_c,C19H24MoN8O15P2S2,Cytidylylmolybdenumcofactor ,c,0,mococdp,,,,,,,
c15811_c,C4H6N2O2SR2,_Enzyme-cysteine ,c,0,,cpd14547,ecyst,No existe en bigg ,,,,
c15812_c,C4H6N2O2S2R2,_Enzyme-S-sulfanylcysteine ,c,0,,cpd14548,escyst,No existe en bigg ,,,,
c06481_c,C13H22NO12PR2C5H8O6PR,L-Seryl-tRNA(Sec) ,c,0,,cpd15565,lsertsec,No existe en bigg ,,,,
c05172_c,H3PO3Se,Selenophosphoricacid ,c,0,selnp,,,,,,,
c06482_c,C13H22NO11PSeR2C5H8O6PR,L-Selenocysteinyl-tRNA(Sec) ,c,0,,cpd15563,lsctsec,No existe en bigg ,,,,
c00252_c,C12H22O11,Isomaltose ,c,0,isomal,,,,,,,
c02362_c,C4H5NO4,2-Oxosuccinamate ,c,0,2oxosucc,,,,,,,
c00940_c,C5H7NO4,2-Oxoglutaramate ,c,0,HC00591,,,,,,,
c05648_c,C11H12N2O5,5-Hydroxy-N-formyl-L-kynurenine ,c,0,5hoxnfkyn,,,,,,,
c05651_c,C10H12N2O4,5-Hydroxykynurenine ,c,0,5hxkyn,,,,,,,
c01278_c,C7H6O6,"2-Carboxy-2,5-dihydro-5-oxofuran-2-acetate ",c,0,4cml,,,,,,,
5odhf2a_c,C6H5O4,"5-oxo-4,5-dihydro-2-furylacetate",c,-1,5odhf2a,,,,,,,
c07479_c,C7H8O5,2-Oxo-5-methyl-cis-muconate ,c,0,2omcm,,,,,,,
c11354_c,C6H8O3,"2-Hydroxy-cis-hex-2,4-dienoate ",c,0,2hchd,,,,,,,
c03453_c,C6H6O5,gamma-Oxalocrotonate ,c,0,oxalc,,,,,,,
c00237_c,CO,Carbonmonoxide ,c,0,co,,,,,,,
c03589_c,C5H8O4,4-Hydroxy-2-oxopentanoate ,c,0,4h2opntn,,,,,,,
c01825_c,C6H12O6,L-Galactose ,c,0,gal__L,,,,,,,
c01019_c,C6H12O5,L-Fucose ,c,0,fuc__L,,,,,,,
c18028_c,C6H10O5,"L-Fucono-1,5-lactone ",c,0,,,,No existe en bigg ,,,,
c04349_c,C6H8O6,"(4S)-4,6-Dihydroxy-2,5-dioxohexanoate ",c,0,46dh25dohxn,,,,,,,
c06153_c,C6H12O6,scyllo-Inositol ,c,0,,cpd03669,scinos,No existe en bigg ,,,,
c00497_c,C4H6O5,(R)-Malate ,c,0,mal__L,,,,,,,
c06730_c,C7H8O2,4-Methylcatechol ,c,0,4mcat,,,,,,,
c07085_c,C8H8O2,3-Vinylcatechol ,c,0,,cpd04360 ,vincat,No existe en bigg ,,,,
c07087_c,C8H8O4,"2-Hydroxy-6-oxoocta-2,4,7-trienoate ",c,0,,cpd04362,2h8o3eoct,No existe en bigg ,,,,
c02375_c,C6H5ClO2,4-Chlorocatechol ,c,0,,cpd01586,4clcat,No existe en bigg sdin cloro,,,,
c07089_c,C6H5ClO4,5-Chloro-2-hydroxymuconicsemialdehyde ,c,0,,cpd04364,5cl2hmsal,No existe en bigg sin cloro,,,,
c08276_c,C4H8O2S,3-(Methylthio)propanoate ,c,0,mtpp,,,,,,,
c21065_c,C6H7N5O2,"7,8-Dihydroxanthopterin ",c,0,,cpd31612,78dhxan,No existe en bigg ,,,,
c18091_c,C2H4NO2,Ethylnitronate ,c,0,,cpd18071,etnot,No existe en bigg ,,,,
c01028_c,C6H14N2O3,N6-Hydroxy-L-lysine ,c,0,n6hlys,,,,,,,
c06604_c,C10H14NO5PS,Parathion ,c,0,,cpd04008,pthion,No existe en bigg ,,,,
c03024_c,H2R,Reduced flavoprotein,c,0,cytP450r,,,,,,,
c06606_c,C10H14NO6P,Paraoxon ,c,0,,cpd04010,poxon,No existe en bigg ,,,,
c03161_c,PR,Oxidized flavoprotein,c,0,cytP450o,,,,,,,
c01598_c,C13H16N2O2,Melatonin ,c,0,melatn,,,,,,,
c05643_c,C13H16N2O3,6-Hydroxymelatonin ,c,0,6hoxmelatn,,,,,,,
fa_c,CHO2R,Fattyacid ,c,0,fa,,,No existe en bigg ,,,,
c05102_c,C2H3O3R,alpha-Hydroxyfattyacid ,c,0,,,,No existe en bigg ni modelseed,,,,
c00355_c,C9H11NO4,"3,4-Dihydroxy-L-phenylalanine ",c,0,34dhphe,,,,,,,
c00822_c,C9H9NO4,Dopaquinone ,c,0,dopaqn,,,,,,,
c03273_c,C5H8O3,5-Oxopentanoate ,c,0,oxptn,,,,,,,
c00489_c,C5H8O4,Glutarate ,c,0,glutar,,,,,,,
c05125_c,C14H23N4O8P2S,2-(alpha-Hydroxyethyl)thiaminediphosphate ,c,0,2hetdp,,,,,,,
c16255_c,C10H18NO2S2R,_Dihydrolipoyllysine-residueacetyltransferaseS-acetyldihydrolipoyllysine ,c,0,,cpd19180,dhlpracdhl,No existe en bigg ,,,,
c00322_c,C6H8O5,2-Oxoadipate ,c,0,2oxoadp,,,,,,,
c00527_c,C26H42N7O19P3S,Glutaryl-CoA ,c,0,glutcoa,,,,,,,
c06157_c,C13H22NO4S2R,_Dihydrolipoyllysine-residuesuccinyltransferaseS-glutaryldihydrolipoyllysine ,c,0,,,,No existe en bigg ni modelseed,,,,
c21017_c,C15H25N4O8P2S,2-(alpha-Hydroxypropyl)thiaminediphosphate ,c,0,2hetdp,,,,,,,
c21018_c,C11H20NO2S2R,EnzymeN6-(S-propyldihydrolipoyl)lysine ,c,0,,,,No existe en bigg ni modelseed,,,,
c15978_c,C17H29N4O8P2S,2-Methyl-1-hydroxybutyl-ThPP ,c,0,2mhob,,,,,,,
c15979_c,C13H24NO2S2R,_Dihydrolipoyllysine-residue(2-methylpropanoyl)transferaseS-(2-methylbutanoyl)dihydrolipoyllysine ,c,0,,,,No existe en bigg ni modelseed,,,,
c15976_c,C16H27N4O8P2S,2-Methyl-1-hydroxypropyl-ThPP ,c,0,2mhop,,,,,,,
c15977_c,C12H22NO2S2R,_Dihydrolipoyllysine-residue(2-methylpropanoyl)transferaseS-(2-methylpropanoyl)dihydrolipoyllysine ,c,0,,cpd19173,dhlp2mpr2mbdhl,No existe en bigg ,,,,
c15974_c,C17H29N4O8P2S,3-Methyl-1-hydroxybutyl-ThPP ,c,0,3mhtpp,,,,,,,
c15975_c,C13H24NO2S2R,_Dihydrolipoyllysine-residue(2-methylpropanoyl)transferaseS-(3-methylbutanoyl)dihydrolipoyllysine ,c,0,,,,No existe en bigg ni modelseed,,,,
c03427_c,C40H68O7P2,Prephytoenediphosphate ,c,0,prephytedp,,,,,,,
c05421_c,C40H64,15-cis-Phytoene ,c,0,phyto,,,,,,,
c15996_c,C7H5N5O,7-Cyano-7-carbaguanine ,c,0,preq0,,,,,,,
c16675_c,C7H9N5O,7-Aminomethyl-7-carbaguanine ,c,0,preq1,,,,,,,
c03294_c,C21H30N6O12PSRC5H8O6PR,N-Formylmethionyl-tRNA ,c,0,fmettrna,,,,,,,
c19848_c,C20H26N10O12P2S2,Adenylatedmolybdopterin ,c,0,mptamp,,,,,,,
c06232_c,H2MoO4,Molybdate ,c,0,mobd,,,,,,,
c04650_c,C5H12NO4P,L-Phosphinothricin ,c,0,pptrn,,,,,,,
c17952_c,C7H14NO5P,N-Acetylphosphinothricin ,c,0,acpptrn,,,,,,,
c17962_c,C4H10NO4P,Demethylphosphinothricin ,c,0,,cpd17947,dmetphostr,No existe en bigg ,,,,
c17949_c,C6H12NO5P,N-Acetyldemethylphosphinothricin ,c,0,,cpd17935,nacdmetphostr,No existe en bigg ,,,,
c02291_c,C7H14N2O4S,L-Cystathionine ,c,0,cyst__L,,,,,,,
c04462_c,C11H15NO8,N-Succinyl-2-L-amino-6-oxoheptanedioate ,c,0,sl2a6o,,,,,,,
c17558_c,C55H90O,"di-trans,poly-cis-Undecaprenol",c,0,,cpd19246 ,dtpcundpol,No existe en bigg ,,,,
udcpp_c,C55H89O4P,"di-trans,poly-cis-Undecaprenylphosphate",c,-2,udcpp,,,,,,,
c05924_c,C10H14N5O6PS2,Molybdopterin ,c,0,mpt,,,,,,,
c19871_c,C20H24MoN10O15P2S2,Guanylylmolybdenumcofactor ,c,0,mocogdp,,,,,,,
c00177_c,CN,Cyanideion ,c,0,cn,,,,,,,
c01755_c,CHNS,Thiocyanate ,c,0,tcynt,,,,,,,
c04230_c,C9H20NO7PR,1-Acyl-sn-glycero-3-phosphocholine ,c,0,1agpc,,,,,,,
c04233_c,C9H20NO7PR,2-Acyl-sn-glycero-3-phosphocholine ,c,0,2agpc,,,,,,,
c05973_c,C6H13NO7PR,2-Acyl-sn-glycero-3-phosphoethanolamine ,c,0,2ag3pea,,,No existe en bigg ,,,,
c04438_c,C6H13NO7PR,1-Acyl-sn-glycero-3-phosphoethanolamine ,c,0,1ag3pea,,,No existe en bigg ,,,,
c20440_c,C5H10O10P2,"alpha-D-Ribose1,2-cyclicphosphate5-phosphate ",c,0,prcp,,,,,,,
c01151_c,C5H12O11P2,"D-Ribose1,5-bisphosphate ",c,0,r15bp,,,,,,,
c09815_c,C7H7NO,Benzamide ,c,0,bzmd,,,,,,,
ba_c,C7H5O2,benzoate,c,-1,bz,,,,,,,
c00146_c,C6H6O,Phenol ,c,0,phenol,,,,,,,
c00156_c,C7H6O3,4-Hydroxybenzoate ,c,0,4hbz,,,,,,,
c02798_c,C3H5O6P,3-Phosphonopyruvate ,c,0,3pop,,,,,,,
c00986_c,C3H10N2,"1,3-Diaminopropane ",c,0,13dampp,,,,,,,
c20239_c,C7H9N5O3,"6-Carboxy-5,6,7,8-tetrahydropterin ",c,0,cph4,,,,,,,
c20248_c,C7H6N4O3,7-Carboxy-7-carbaguanine ,c,0,cdg,,,,,,,
c21310_c,C10H16N5O14P3,"(8S)-3',8-Cyclo-7,8-dihydroguanosine5'-triphosphate ",c,0,38ch2gtp,,,,,,,
precz_c,C10H12N5O8P,PrecursorZ,c,-2,cpmp,,,,,,,
c00221_c,C6H12O6,beta-D-Glucose ,c,0,glc_D_B,,,,,,,
c21008_c,C9H13N5O4,"7,8-Dihydromonapterin ",c,0,dhmpt,,,,,,,
c19830_c,C7H9NO3,"(5S,6S)-6-Amino-5-hydroxycyclohexa-1,3-diene-1-carboxylate ",c,0,,cpd23678,6a5hch13ec,No existe en bigg ,,,,
c19831_c,C7H9NO3,"(1R,6S)-6-Amino-5-oxocyclohex-2-ene-1-carboxylate ",c,0,,cpd21073,6a5och2ec,No existe en bigg ,,,,
c20062_c,C29H42N7O18P3S,"2-(1,2-Epoxy-1,2-dihydrophenyl)acetyl-CoA ",c,0,rephaccoa,,,,,,,
c19975_c,C29H42N7O18P3S,2-Oxepin-2(3H)-ylideneacetyl-CoA ,c,0,2oxpaccoa,,,,,,,
c20246_c,C7H10NO6PS,"2-_(2R,5Z)-2-Carboxy-4-methylthiazol-5(2H)-ylideneethylphosphate ",c,0,2c4mthzep,,,,,,,
c16241_c,C8H14O2S2,(R)-Lipoate ,c,0,lipoate,,,,,,,
c16240_c,NH2R,Apoprotein ,c,0,,cpd14957,apopr,No existe en bigg ,,,,
c16237_c,C8H14NOS2R,ProteinN6-(lipoyl)lysine ,c,0,,cpd14954,pn6ll,No existe en bigg ,,,,
c16236_c,C8H16NOR,ProteinN6-(octanoyl)lysine ,c,0,,cpd14953,pn6ol,No existe en bigg ,,,,
c05921_c,C20H28N7O9PS,Biotinyl-5'-AMP ,c,-3,btamp,,,,,,,
etol_e,C2H6O,Ethanol,e,0,etoh,,,,,,,
sor_e,C6H12O6,L-sorbose,e,0,srb__L,,,,,,,
ery_e,C4H8O4,D-erythrose,e,0,erthrs,,,,,,,
nica_e,C6H4NO2,Nicotinate,e,-1,nac,,,,,,,
phpyr_e,C9H7O3,Phenylpyruvate,e,-1,phpyr,,,,,,,
mpyr_e,C3H3O3S,Mercaptopyruvate,e,-1,mercppyr,,,,,,,
etham_e,C2H8NO,Ethanolamine,e,1,etha,,,,,,,
cpd15800_c,,LipidcompositionofB.megaterium,c,0,,cpd15800,,??? Qué coño es esto,,,,
cpd16488_c,C20H28O,Genericlipidcontent,c,0,,cpd16488,grlpdc,??? Qué coño es esto,,,,
cpd15748_c,C123H240O135P24,"Stearoyllipoteichoicacid(n=24),linked,unsubstituted",c,-24,stearnsu24,,,,,,,
cpd15775_c,C195H360N24O159P24,"Stearoyllipoteichoicacid(n=24),linked,D-alaninesubstituted",c,-24,,cpd15775,stear24das,No existe en bigg ,,,,
cpd15752_c,C117H228O135P24,"Isopentadecanoyllipoteichoicacid(n=24),linked,unsubstituted",c,-24,isopensu24,,,,,,,
cpd15761_c,C261H468O255P24,"Isopentadecanoyllipoteichoicacid(n=24),linked,glucosesubstituted",c,-24,isopeluc24,,,,,,,
cpd15779_c,C189H348N24O159P24,"Isopentadecanoyllipoteichoicacid(n=24),linked,D-alaninesubstituted",c,-24,isop24ds,,,,,,,
cpd15746_c,C119H232O135P24,"Palmitoyllipoteichoicacid(n=24),linked,unsubstituted",c,-24,palminsu24,,,,,,,
cpd15773_c,C191H352N24O159P24,"Palmitoyllipoteichoicacid(n=24),linked,D-alaninesubstituted",c,-24,,cpd15773,palminsu24das,No existe en bigg ,,,,
cpd15747_c,C115H224O135P24,"Myristoyllipoteichoicacid(n=24),linked,unsubstituted",c,-24,myrs24u,,,,,,,
cpd15756_c,C259H464O255P24,"Myristoyllipoteichoicacid(n=24),linked,glucosesubstituted",c,-24,myrisluc24,,,,,,,
cpd15754_c,C119H232O135P24,"Isohexadecanoyllipoteichoicacid(n=24),linked,unsubstituted",c,-24,isohensu24,,,,,,,
cpd15781_c,C191H352N24O159P24,"Isohexadecanoyllipoteichoicacid(n=24),linked,D-alaninesubstituted",c,-24,,cpd15781,isohensu24das,No existe en bigg ,,,,
cpd15750_c,C121H236O135P24,"Anteisoheptadecanoyllipoteichoicacid(n=24),linked,unsubstituted",c,-24,anteinsu24,,,,,,,
cpd15749_c,C121H236O135P24,"Isoheptadecanoyllipoteichoicacid(n=24),linked,unsubstituted",c,-24,isohensu24,,,,,,,
cpd15777_c,C193H356N24O159P24,"Anteisoheptadecanoyllipoteichoicacid(n=24),linked,D-alaninesubstituted",c,-24,,cpd15777,aisohepdecsu24das,No existe en bigg ,,,,
cpd15757_c,C267H480O255P24,"Stearoyllipoteichoicacid(n=24),linked,glucosesubstituted",c,-24,steart24s,,,,,,,
cpd15764_c,C311H544N24O255P24,"Palmitoyllipoteichoicacid(n=24),linked,N-acetyl-D-glucosamine",c,-24,palm24nacs,,,,,,,
cpd15765_c,C307H536N24O255P24,"Myristoyllipoteichoicacid(n=24),linked,N-acetyl-D-glucosamine",c,-24,,cpd15765,myrisluc24nacdg,No existe en bigg ,,,,
cpd15759_c,C265H476O255P24,"Anteisoheptadecanoyllipoteichoicacid(n=24),linked,glucosesubstituted",c,-24,anteiluc24,,,,,,,
cpd15768_c,C313H548N24O255P24,"Anteisoheptadecanoyllipoteichoicacid(n=24),linked,N-acetyl-D-glucosamine",c,-24,ant24Nacds,,,,,,,
cpd15753_c,C117H228O135P24,"Anteisopentadecanoyllipoteichoicacid(n=24),linked,unsubstituted",c,-24,antp24u,,,,,,,
cpd15751_c,C115H224O135P24,"Isotetradecanoyllipoteichoicacid(n=24),linked,unsubstituted",c,-24,isotensu24,,,,,,,
cpd15769_c,C307H536N24O255P24,"Isotetradecanoyllipoteichoicacid(n=24),linked,N-acetyl-D-glucosamine",c,-24,isot24s,,,,,,,
cpd15762_c,C261H468O255P24,"Anteisopentadecanoyllipoteichoicacid(n=24),linked,glucosesubstituted",c,-24,ant24glcs,,,,,,,
cpd15767_c,C313H548N24O255P24,"Isoheptadecanoyllipoteichoicacid(n=24),linked,N-acetyl-D-glucosamine",c,-24,isoh24s,,,,,,,
cpd15776_c,C193H356N24O159P24,"Isoheptadecanoyllipoteichoicacid(n=24),linked,D-alaninesubstituted",c,-24,iso24ds,,,,,,,
cpd15755_c,C263H472O255P24,"Palmitoyllipoteichoicacid(n=24),linked,glucosesubstituted",c,-24,palmt24s,,,,,,,
cpd15758_c,C265H476O255P24,"Isoheptadecanoyllipoteichoicacid(n=24),linked,glucosesubstituted",c,-24,isohep24s,,,,,,,
cpd15760_c,C259H464O255P24,"Isotetradecanoyllipoteichoicacid(n=24),linked,glucosesubstituted",c,-24,isoteluc24,,,,,,,
cpd15763_c,C263H472O255P24,"Isohexadecanoyllipoteichoicacid(n=24),linked,glucosesubstituted",c,-24,isodec24s,,,,,,,
cpd15766_c,C315H552N24O255P24,"Stearoyllipoteichoicacid(n=24),linked,N-acetyl-D-glucosamine",c,-24,stear24s,,,,,,,
cpd15770_c,C309H540N24O255P24,"Isopentadecanoyllipoteichoicacid(n=24),linked,N-acetyl-D-glucosamine",c,-24,isop24gsms,,,,,,,
cpd15771_c,C309H540N24O255P24,"Anteisopentadecanoyllipoteichoicacid(n=24),linked,N-acetyl-D-glucosamine",c,-24,,cpd15771,aisopentdecl24nacdg,No existe en bigg ,,,,
cpd15772_c,C311H544N24O255P24,"Isohexadecanoyllipoteichoicacid(n=24),linked,N-acetyl-D-glucosamine",c,-24,,cpd15772,isohexdecl24nacdg,No existe en bigg ,,,,
cpd15774_c,C187H342N24O159P24,"Myristoyllipoteichoicacid(n=24),linked,D-alaninesubstituted",c,-26,,cpd15774,myrisluc24das,No existe en bigg ,,,,
cpd15778_c,C187H344N24O159P24,"Isotetradecanoyllipoteichoicacid(n=24),linked,D-alaninesubstituted",c,-24,,cpd15778,itetdecl24das,No existe en bigg ,,,,
cpd15780_c,C189H349N24O159P24,"Anteisopentadecanoyllipoteichoicacid(n=24),linked,D-alaninesubstituted",c,-23,,cpd15780,aisopentdecl24das,No existe en bigg ,,,,
cpd15670_c,,Lipoteichoicacidcontent,c,0,,,,??? Qué coño es esto,,,,
cpd11495_c,C16H29N2O8PRS,2-methylbutanoyl-ACP|2-methylbutyryl-ACP,c,-1,2mbutACP,,,,,,,
cpd11496_c,C18H31N2O9PRS,4-methyl-3-oxo-hexanoyl-ACP,c,-1,4m3ohexACP,,,,,,,
cpd11497_c,C18H33N2O9PRS,4-methyl-3-hydroxy-hexanoyl-ACP,c,-1,4m3hhexACP,,,,,,,
cpd11498_c,C18H31N2O8PRS,4-methyl-trans-hex-2-enoyl-ACP,c,-1,4methex2eACP,,,,,,,
cpd11499_c,C18H33N2O8PRS,4-methyl-hexanoyl-ACP,c,-1,4methexACP,,,,,,,
cpd11500_c,C20H35N2O9PRS,6-methyl-3-oxo-octanoyl-ACP,c,-1,6m3oACP,,,,,,,
cpd11501_c,C20H37N2O9PRS,6-methyl-3-hydroxy-octanoyl-ACP,c,-1,6m3hoACP,,,,,,,
cpd11502_c,C20H35N2O8PRS,6-methyl-trans-oct-2-enoyl-ACP,c,-1,6mto2eACP,,,,,,,
cpd11503_c,C20H37N2O8PRS,6-methyl-octanoyl-ACP,c,-1,6moACP,,,,,,,
cpd11504_c,C22H39N2O9PRS,8-methyl-3-oxo-decanoyl-ACP,c,-1,8m3odACP,,,,,,,
cpd11505_c,C22H41N2O9PRS,8-methyl-3-hydroxy-decanoyl-ACP,c,-1,8m3hdACP,,,,,,,
cpd11506_c,C22H39N2O8PRS,8-methyl-trans-dec-2-enoyl-ACP,c,-1,8mtd2eACP,,,,,,,
cpd11507_c,C22H41N2O8PRS,8-methyl-decanoyl-ACP,c,-1,8mdACP,,,,,,,
cpd11508_c,C24H43N2O9PRS,10-methyl-3-oxo-dodecanoyl-ACP,c,-1,,cpd11508,10m3ododcecacp,No existe en bigg ,,,,
cpd11509_c,C24H45N2O9PRS,10-methyl-3-hydroxy-dodecanoyl-ACP,c,-1,3hoddecACP,,,,,,,
cpd11510_c,C24H43N2O8PRS,10-methyl-trans-dodec-2-enoyl-ACP,c,-1,10mtd2eACP,,,,,,,
cpd11511_c,C24H45N2O8PRS,10-methyl-dodecanoyl-ACP,c,-1,10mdACP,,,,,,,
cpd11512_c,C26H47N2O9PRS,12-methyl-3-oxo-tetra-decanoyl-ACP,c,-1,123oxtACP,,,,,,,
cpd11513_c,C26H49N2O9PRS,12-methyl-3-hydroxy-tetra-decanoyl-ACP,c,-1,12m3htdACP,,,,,,,
cpd11514_c,C26H47N2O8PRS,12-methyl-trans-tetra-dec-2-enoyl-ACP,c,-1,12methtetdec2,,,,,,,
cpd11515_c,C26H49N2O8PRS,12-methyl-tetra-decanoyl-ACP,c,-1,,cpd11515,12mtetdecacp,No existe en bigg ,,,,
cpd11516_c,C28H51N2O9PRS,14-methyl-3-oxo-hexa-decanoyl-ACP,c,-1,14m3ohdACP,,,,,,,
cpd11517_c,C28H53N2O9PRS,14-methyl-3-hydroxy-hexa-decanoyl-ACP,c,-1,14m3hdACP,,,,,,,
cpd11518_c,C28H51N2O8PRS,14-methyl-trans-hexa-dec-2-enoyl-ACP,c,-1,14mthdeACP,,,,,,,
cpd11519_c,C28H53N2O8PRS,14-methyl-hexa-decanoyl-ACP,c,-1,14mhdACP,,,,,,,
cpd11520_c,C16H29N2O8PRS,3-methylbutanoyl-ACP|isovaleryl-ACP,c,-1,isovACP,,,,,,,
cpd11521_c,C18H31N2O9PRS,5-methyl-3-oxo-hexanoyl-ACP,c,-1,5m3hhACP,,,,,,,
cpd11522_c,C18H33N2O9PRS,5-methyl-3-hydroxy-hexanoyl-ACP,c,-1,5m3hACP,,,,,,,
cpd11523_c,C18H31N2O8PRS,5-methyl-trans-hex-2-enoyl-ACP,c,-1,5mhACP,,,,,,,
cpd11524_c,C18H33N2O8PRS,5-methyl-hexanoyl-ACP,c,-1,3mehacp,,,,,,,
cpd11525_c,C20H35N2O9PRS,7-methyl-3-oxo-octanoyl-ACP,c,-1,7me3oxoacp,,,,,,,
cpd11526_c,C20H37N2O9PRS,7-methyl-3-hydroxy-octanoyl-ACP,c,-1,7m3hoACP,,,,,,,
cpd11527_c,C20H35N2O8PRS,7-methyl-trans-oct-2-enoyl-ACP,c,-1,7mto2eACP,,,,,,,
cpd11528_c,C20H37N2O8PRS,7-methyl-octanoyl-ACP,c,-1,7moACP,,,,,,,
cpd11529_c,C22H39N2O9PRS,9-methyl-3-oxo-decanoyl-ACP,c,-1,9m3odACP,,,,,,,
cpd11530_c,C22H41N2O9PRS,9-methyl-3-hydroxy-decanoyl-ACP,c,-1,9m3hdACP,,,,,,,
cpd11531_c,C22H39N2O8PRS,9-methyl-trans-dec-2-enoyl-ACP,c,-1,9mtd2eACP,,,,,,,
cpd11532_c,C22H41N2O8PRS,9-methyl-decanoyl-ACP,c,-1,9mdACP,,,,,,,
cpd11533_c,C24H43N2O9PRS,11-methyl-3-oxo-dodecanoyl-ACP,c,-1,11m3odACP,,,,,,,
cpd11534_c,C24H45N2O9PRS,11-methyl-3-hydroxy-dodecanoyl-ACP,c,-1,11m3hdACP,,,,,,,
cpd11535_c,C24H43N2O8PRS,11-methyl-trans-dodec-2-enoyl-ACP,c,-1,11mtdeACP,,,,,,,
cpd11536_c,C24H45N2O8PRS,11-methyl-dodecanoyl-ACP,c,-1,11mdACP,,,,,,,
cpd11537_c,C26H47N2O9PRS,13-methyl-3-oxo-tetra-decanoyl-ACP,c,-1,13m3otdACP,,,,,,,
cpd11538_c,C26H49N2O9PRS,13-methyl-3-hydroxy-tetra-decanoyl-ACP,c,-1,13m3htdACP,,,,,,,
cpd11539_c,C26H47N2O8PRS,13-methyl-trans-tetra-dec-2-enoyl-ACP,c,-1,13mtdACP,,,,,,,
cpd11540_c,C26H49N2O8PRS,13-methyl-tetra-decanoyl-ACP,c,-1,13mtdACP,,,,,,,
cpd11541_c,C28H51N2O9PRS,15-methyl-3-oxo-hexa-decanoyl-ACP,c,-1,15m3ohdACP,,,,,,,
cpd11542_c,C28H53N2O9PRS,15-methyl-3-hydroxy-hexa-decanoyl-ACP,c,-1,15m3hdACP,,,,,,,
cpd11543_c,C28H51N2O8PRS,15-methyl-trans-hexa-dec-2-enoyl-ACP,c,-1,15methexeACP,,,,,,,
cpd11544_c,C28H53N2O8PRS,15-methyl-hexa-decanoyl-ACP,c,-1,15mhdACP,,,,,,,
cpd11545_c,C15H27N2O8PRS,2-methylpropionyl-ACP|isobutyryl-ACP,c,-1,isobutACP,,,,,,,
cpd11546_c,C17H29N2O9PRS,4-methyl-3-oxo-pentanoyl-ACP,c,-1,4m3opACP,,,,,,,
cpd11547_c,C17H31N2O9PRS,4-methyl-3-hydroxy-pentanoyl-ACP,c,-1,4m3hpAPC,,,,,,,
cpd11548_c,C17H29N2O8PRS,4-methyl-trans-pent-2-enoyl-ACP,c,-1,4mtpACP,,,,,,,
cpd11549_c,C17H31N2O8PRS,4-methyl-pentanoyl-ACP,c,-1,4mpACP,,,,,,,
cpd11550_c,C19H33N2O9PRS,6-methyl-3-oxo-heptanoyl-ACP,c,-1,6m3ohACP,,,,,,,
cpd11551_c,C19H35N2O9PRS,6-methyl-3-hydroxy-heptanoyl-ACP,c,-1,6m3hhACP,,,,,,,
cpd11552_c,C19H33N2O8PRS,6-methyl-trans-hept-2-enoyl-ACP,c,-1,6mth2eACP,,,,,,,
cpd11553_c,C19H35N2O8PRS,6-methyl-heptanoyl-ACP,c,-1,6mhACP,,,,,,,
cpd11554_c,C21H37N2O9PRS,8-methyl-3-oxo-nonanoyl-ACP,c,-1,8m3oxACP,,,,,,,
cpd11555_c,C21H39N2O9PRS,8-methyl-3-hydroxy-nonanoyl-ACP,c,-1,8m3hnACP,,,,,,,
cpd11556_c,C21H37N2O8PRS,8-methyl-trans-non-2-enoyl-ACP,c,-1,8mtn2eACP,,,,,,,
cpd11557_c,C21H39N2O8PRS,8-methyl-nonanoyl-ACP,c,-1,8mcACP,,,,,,,
cpd11558_c,C23H41N2O9PRS,10-methyl-3-oxo-undecanoyl-ACP,c,-1,10m3ouACP,,,,,,,
cpd11559_c,C23H43N2O9PRS,10-methyl-3-hydroxy-undecanoyl-ACP,c,-1,10m3uACP,,,,,,,
cpd11560_c,C23H41N2O8PRS,10-methyl-trans-undec-2-enoyl-ACP,c,-1,10mtu2eACP,,,,,,,
cpd11561_c,C23H43N2O8PRS,10-methyl-undecanoyl-ACP,c,-1,10muACP,,,,,,,
cpd11562_c,C25H45N2O9PRS,12-methyl-3-oxo-tridecanoyl-ACP,c,-1,12m3otACP,,,,,,,
cpd11563_c,C25H47N2O9PRS,12-methyl-3-hydroxy-tridecanoyl-ACP,c,-1,12mdhtACP,,,,,,,
cpd11564_c,C25H45N2O8PRS,12-methyl-trans-tridec-2-enoyl-ACP,c,-1,12mtt2eACP,,,,,,,
cpd11565_c,C25H47N2O8PRS,12-methyl-tridecanoyl-ACP,c,-1,12mtACP,,,,,,,
cpd11566_c,C27H49N2O9PRS,14-methyl-3-oxo-pentadecanoyl-ACP,c,-1,14m3opACP,,,,,,,
cpd11567_c,C27H51N2O9PRS,14-methyl-3-hydroxy-pentadecanoyl-ACP,c,-1,14m3hpACP,,,,,,,
cpd11568_c,C27H49N2O8PRS,14-methyl-trans-pentadec-2-enoyl-ACP,c,-1,14mtp2eACP,,,,,,,
cpd11569_c,C27H51N2O8PRS,14-methyl-pentadecanoyl-ACP,c,-1,14mpACP,,,,,,,
c140acp_c,C25H47N2O8PRS,Tetradecanoyl-_acp,c,-1,tetacp,,,,,,,
cpd11476_c,C27H51N2O8PRS,Hexadecanoyl-_acp,c,-1,hedACP,,,,,,,
cpd11573_c,C29H55N2O8PRS,Octodecanoyl-ACP,c,-1,octACP,,,,,,,
cpd11570_c,C29H53N2O9PRS,3-Oxooctodecanoyl-ACP,c,-1,3oodACP,,,,,,,
cpd11571_c,C29H55N2O9PRS,3-Hydroxyoctodecanoyl-ACP,c,-1,3hodACP,,,,,,,
cpd11572_c,C29H53N2O8PRS,trans-Octodec-2-enoyl-ACP,c,-1,to2eACP,,,,,,,
c04246_c,C4H5OSR,But-2-enoyl-_acyl-carrierprotein ,c,-1,but2eACP,,,,,,,
c05745_c,C4H7OSR,Butyryl-_acp ,c,-1,butACP,,,,,,,
c05760_c,C14H25OSR,trans-Tetradec-2-enoyl-_acp ,c,-1,ttetdec2enoylacp,,,,,,,
c05751_c,C8H13OSR,trans-Oct-2-enoyl-_acp ,c,-1,2toceacp,,,,,,,
c05748_c,C6H9OSR,trans-Hex-2-enoyl-_acp ,c,-1,t2eacp,,,,,,,
c05749_c,C6H11OSR,Hexanoyl-_acp ,c,-1,hexACP,,,,,,,
c05754_c,C10H17OSR,trans-Dec-2-enoyl-_acp ,c,-1,dec22enacp,,,,,,,
c100acp_c,C21H39N2O8PRS,Decanoyl-_acp,c,-1,decACP,,,,,,,
c05763_c,C16H29OSR,trans-Hexadec-2-enoyl-_acp ,c,-1,tpalm2eACP,,,,,,,
c160acp_c,C27H51N2O8PRS,Hexadecanoyl-_acp,c,-1,hedACP,,,,,,,
c04618_c,C4H7O2SR,(3R)-3-Hydroxybutanoyl-_acyl-carrierprotein ,c,-1,3hbacp,,,,,,,
c05747_c,C6H11O2SR,(R)-3-Hydroxyhexanoyl-_acp ,c,-1,h3hacp,,,,,,,
c05757_c,C12H23O2SR,(R)-3-Hydroxydodecanoyl-_acp ,c,-1,3hddecACP,,,,,,,
c05758_c,C12H21OSR,trans-Dodec-2-enoyl-_acp ,c,-1,dodec2enacp,,,,,,,
c04633_c,C16H31O2SR,(3R)-3-Hydroxypalmitoyl-_acyl-carrierprotein ,c,-1,3hpaacp,,,,,,,
c04619_c,C10H19O2SR,(3R)-3-Hydroxydecanoyl-_acyl-carrierprotein ,c,-1,3hdecacp,,,,,,,
c04620_c,C8H15O2SR,(3R)-3-Hydroxyoctanoyl-_acyl-carrierprotein ,c,-1,3hocACP,,,,,,,
c04688_c,C14H27O2SR,(3R)-3-Hydroxytetradecanoyl-_acyl-carrierprotein ,c,-1,3htdacp,,,,,,,
c05762_c,C16H29O2SR,3-Oxohexadecanoyl-_acp ,c,-1,3oxhdacp,,,,,,,
c05746_c,C6H9O2SR,3-Oxohexanoyl-_acp ,c,-1,o3hacp,,,,,,,
c05753_c,C10H17O2SR,3-Oxodecanoyl-_acp ,c,-1,o3xdecacp,,,,,,,
c05744_c,C4H5O2SR,Acetoacetyl-_acp ,c,-1,acacacp,,,,,,,
c05756_c,C12H21O2SR,3-Oxododecanoyl-_acp ,c,-1,3oxddACP,,,,,,,
c05750_c,C8H13O2SR,3-Oxooctanoyl-_acp ,c,-1,3oxocACP,,,,,,,
c05759_c,C14H25O2SR,3-Oxotetradecanoyl-_acp ,c,-1,3oxtdacp,,,,,,,
c120acp_c,C23H43N2O8PRS,Dodecanoyl-_acyl-carrierprotein,c,-1,ddeACP,,,,,,,
nama_c,C8H15NO6,N-Acetyl-D-mannosamine,c,0,acmana,,,,,,,
c04256_c,C8H16NO9P,N-Acetyl-D-glucosamine1-phosphate ,c,-1,acgam1p,,,,,,,
cdpgl_c,C12H19N3O13P2,CDP-glycerol,c,-2,cdpglyc,,,,,,,
c00842_c,C16H26N2O16P2,dTDP-glucose ,c,-2,dtdpglc,,,,,,,
c05897_c,C87H143N7O23P2,"Undecaprenyl-diphospho-N-acetylmuramoyl-L-alanyl-D-glutamyl-meso-2,6",c,-4,uagmda,,,,,,,
uaagmda_c,C95H152N8O28P2,"Undecaprenyl-diphospho-N-acetylmuramoyl-(N-acetylglucosamine)-L-alanyl-D-glutamyl-meso-2,6-diaminopimeloyl-D-alanyl-D-alanine",c,-4,uaagmda,,,,,,,
c01289_c,C63H105NO12P2,N-Acetyl-D-glucosaminyldiphosphoundecaprenol ,c,-2,unaga,,,,,,,
c04881_c,C71H118N2O17P2,"N-Acetyl-beta-D-mannosaminyl-1,4-N-acetyl-D-glucosaminyldiphosphoundecaprenol ",c,-2,abdmagdpu,,,,,,,
c00348_c,C55H91O4P,all-trans-Undecaprenylphosphate ,c,-1,udcpp,,,,,,,
cpd15661_c,C206H386N2O242P47,"45(Phosphoglyceryl)-N-Acetyl-beta-D-mannosaminyl-1,4-N-acetyl-D-glucosaminyldiphosphoundecaprenol|Prenol-45nteichoicacid",c,-47,prenoN_acid,,,,,,,
cpd15663_c,C341H611N47O287P47,"45(Alanyl-phosphoglyceryl)-N-Acetyl-beta-D-mannosaminyl-1,4-N-acetyl-D-glucosaminyldiphosphoundecaprenol|Prenol-45nteichoicacid-alaninesubstituted",c,-47,,cpd15663,p45taala,No existe en bigg ,,,,
cpd15662_c,C476H836N2O467P47,"45(Glucosyl-phosphoglyceryl)-N-Acetyl-beta-D-mannosaminyl-1,4-N-acetyl-D-glucosaminyldiphosphoundecaprenol|Prenol-45nteichoicacid-glucosesubstituted",c,-47,prenoN_ated,,,,,,,
cpd15666_c,C40H63N8O21R,Peptidoglycanpolymer(n-1subunits),c,-2,peptido_EC,,,,,,,
cpd15667_c,C191H359N10O259P46R,"glycerolteichoicacid(n=45),linked,unsubstituted",c,-48,,cpd15667,glta45,No existe en bigg ,,,,
cpd15669_c,C461H809N10O484P46R,"glycerolteichoicacid(n=45),linked,glucosesubstituted",c,-48,,cpd15669,glta45glc,No existe en bigg ,,,,
cpd15668_c,C326H584N55O304P46R,"glycerolteichoicacid(n=45),linked,D-alasubstituted",c,-48,,cpd15668,glta45da,No existe en bigg ,,,,
cpd11459_c,C420H692N30O391P30,"tcam|minorteichoicacid(acetylgalactosamineglucosephosphate,n=30)",c,-30,tcam,,,,,,,
cpd15665_c,C80H125N16O42R,Peptidoglycanpolymer(nsubunits),c,-4,,cpd15665,npglycan,"No existe en bigg, 2 unidades de peptidoglicano",,,,
cpd15664_c,,CellwallofB.megaterium,c,0,,,,No existe en bigg ni modelseed,,,,
fe3_e,Fe,Fe3+,e,3,fe3,,,,,,,
c00249_c,C16H32O2,Hexadecanoicacid ,c,0,palmacd,,,,,,,
c04217_c,C25H44O7P2,all-trans-Pentaprenyldiphosphate ,c,0,pendp,,,,,,,
c01230_c,C30H52O7P2,all-trans-Hexaprenyldiphosphate ,c,0,hexdp,,,,,,,
cpd11430_c,C14H27O2,fa1|Fattyacid(Iso-C14:0),c,-1,fa1,,,,,,,
cpd11438_c,C15H29O2,fa4|Fattyacid(Anteiso-C15:0),c,-1,fa4,,,,,,,
cpd11436_c,C15H29O2,fa3|Fattyacid(Iso-C15:0),c,-1,fa3,,,,,,,
cpd11440_c,C16H31O2,fa6|Fattyacid(iso-C16:0),c,-1,fa6,,,,,,,
cpd11433_c,C17H33O2,fa12|Fattyacid(Anteiso-C17:0),c,-1,fa12,,,,,,,
cpd11431_c,C17H33O2,fa11|Fattyacid(Iso-C17:0),c,-1,fa11,,,,,,,
c01033_c,C26H44N7O17P3S,2-Methylbutanoyl-CoA ,c,0,m2bcoa,,,,,,,
cpd12543_c,C18H26N5O6R2S,Carboxybiotin-carboxyl-carrierprotein,c,-1,cbtnCCP,,,,,,,
cpd12848_c,C17H27N5O4R2S,Holo-_carboxylase|Biotin-carboxyl-carrierprotein,c,0,btnCCP,,,,,,,
suc_e,C12H22O11,Sucrose ,e,0,sucr,,,,,,,
c00497_e,C4H6O5,(R)-Malate ,e,0,mal__L,,,,,,,
stac_e,C24H42O21,Stachyose,e,0,stys,,,,,,,
nama_e,C8H15NO6,N-Acetyl-D-mannosamine,e,0,acmana,,,,,,,
sot_e,C6H14O6,D-Sorbitol,e,0,sbt__D,,,,,,,
f6p_e,C6H11O9P,D-Fructose6-phosphate,e,-2,f6p,,,,,,,
glcn15lac_e,C6H10O6,"D-Glucono-1,5-lactone",e,0,dgo15lac,,,,,,,
glcunt_e,C6H9O7,D-Glucuronate,e,-1,glcur,,,,,,,
c00296_c,C7H12O6,Quinate,c,0,quin,,,,,,,
c00296_e,C7H12O6,Quinate,e,0,quin,,,,,,,
obut_e,C4H5O3,2-Oxobutanoate,e,-1,2obut,,,,,,,
prop_e,C3H5O2,Propanoate,e,-1,ppa,,,,,,,
hbut_e,C4H7O3,2-Hydroxybutyrate,e,-1,h4but,,,,,,,
hdbut_e,C4H7O3,(R)-3-Hydroxybutanoate,e,-1,bhb,,,,,,,
dextrin_e,C12H20O10,Dextrin,e,0,,dextrin,,En realidad son dos dextrinas,,,,
sali_c,C13H18O7,Salicin,c,0,salcn,,,,,,,
2mop_e,C4H5O3,2-Methyl-3-oxopropanoate,e,-1,2mop,,,,,,,
mbdg_e,C7H14O6,Methyl beta-D-galactoside,e,0,mbdg,mbdg,,No existe en bigg,,,,
mbdg_c,C7H14O6,Methyl beta-D-galactoside,c,0,mbdg,mbdg,,No existe en bigg,,,,
methol_e,CH4O,methanol,e,0,meoh,,,,,,,
bgal_c,C6H12O6,BGAL_c,c,0,gal_bD,,,,,,,
salal_e,C7H8O2,Salicyl alcohol,e,0,2hymeph,,,,,,,
c01879_c,C5H7NO3,5-Oxoproline,c,0,5oxpro,,,,,,,
c01879_e,C5H7NO3,5-Oxoproline,e,0,5oxpro,,,,,,,
formie_e,CH3NO,Formamide,e,0,frmd,,,,,,,
met_e,C5H11NO2S,L-Methionine,e,0,met__L,,,,,,,
sme3p_e,C7H8O8P,Shikimate3-phosphate,e,-3,skm5p,,,,,,,
sme_e,C7H9O5,Shikimate,e,-1,skm,,,,,,,
starch_e,C48H80O40,Starch,e,0,,,,No hay ese número de unidades,,,,
hcn_e,,HCN,e,0,cyan,,,,,,,
