Old_name,abbreviation,Formula,Description,Compartment,Charge,bigg_name,Comments,,
ALA[c],ala__L_c,C3H7NO2,L-Alanine,c,0,ala__L,,,
NAD[c],nad_c,C21H26N7O14P2,NAD+,c,-1,nad,,,
H2O[c],h2o_c,H2O,H2O,c,0,h2o,,,
PYR[c],pyr_c,C3H3O3,Pyruvate,c,-1,pyr,,,
NH3[c],nh3_c,H4N,Ammonia,c,1,nh3,,,
NADH[c],nadh_c,C21H27N7O14P2,NADH,c,-2,nadh,,,
H[c],h_c,H,H+,c,1,h,,,
ASP[c],asp__L_c,C4H6NO4,L-Aspartate,c,-1,asp__L,,,
FUM[c],fum_c,C4H2O4,Fumarate,c,-2,fum,,,
ATP[c],atp_c,C10H12N5O13P3,ATP,c,-3,atp,,,
GLN[c],gln_c,C5H10N2O3,L-Glutamine,c,0,glu__L,,,
AMP[c],amp_c,C10H12N5O7P,AMP,c,-2,amp,,,
PPI[c],ppi_c,HO7P2,Diphosphate,c,-2,ppi,,,
ASN[c],asn__L_c,C4H8N2O3,L-Asparagine,c,0,asn__L,,,
GLU[c],glu__L_c,C5H8NO4,L-Glutamate,c,-1,glu__L,,,
AKG[c],akg_c,C5H4O5,2-Oxoglutarate,c,-2,akg,,,
OA[c],oa_c,C4H2O5,Oxaloacetate,c,-2,oaa,,,
O2[c],o2_c,O2,O2,c,0,o2,,,
H2O2[c],h2o2_c,H2O2,H2O2,c,0,h2o2,,,
CO2[c],co2_c,CO2,CO2,c,0,co2,,,
GABA[c],gaba_c,C4H9NO2,4-Aminobutanoate,c,0,4abut,,,
SUCCSAL[c],succsal_c,C4H5O3,Succinatesemialdehyde,c,-1,sucsal,,,
NADP[c],nadp_c,C21H25N7O17P3,NADP+,c,-3,nadp,,,
SUCC[c],succ_c,C4H4O4,Succinate,c,-2,succ,,,
NADPH[c],nadph_c,C21H26N7O17P3,NADPH,c,-4,nadph,,,
C20258[c],c20258_c,C7H9NO5,"(2S,4S)-4-Hydroxy-2,3,4,5-tetrahydrodipicolinate",c,-2,4hthdp,,,
TDHDP[c],tdhdp_c,C7H7NO4,"2,3,4,5-Tetrahydrodipicolinate",c,-2,thdp,,,
BUTAL[c],butal_c,C4H8O,Butanal,c,0,btal,,,
COA[c],coa_c,C21H32N7O16P3S,CoA,c,-3,coa,,,
C40COA[c],c40coa_c,C25H38N7O17P3S,Butanoyl-CoA,c,-3,btcoa,,,
ACAL[c],acal_c,C2H4O,Acetaldehyde,c,0,acald,,,
ACCOA[c],accoa_c,C23H34N7O17P3S,Acetyl-CoA,c,-3,accoa,,,
C06760[c],c06760_c,C7H8O4,"2-Hydroxy-5-methyl-cis,cis-muconicsemialdehyde",c,0,hmccms,,,
C07478[c],c07478_c,C7H8O5,"2-Hydroxy-5-methyl-cis,cis-muconate ",c,0,hmccm,,,
C00682[c],c00682_c,C6H6O4,2-Hydroxymuconatesemialdehyde,c,0,2hmcnsad,,,
C02501[c],c02501_c,C6H6O5,2-Hydroxymuconate ,c,0,2hmcnsad,,,
ADP[c],adp_c,C10H12N5O10P2,ADP,c,-2,adp,,,
PI[c],pi_c,HO4P,Orthophosphate,c,-2,pi,,,
HCO3[c],hco3_c,CHO3,HCO3-,c,-1,hco3,,,
CAP[c],cap_c,CH2NO5P,Carbamoylphosphate,c,-2,cbp,,,
BASP[c],basp__L_c,C4H6NO7P,4-Phospho-L-aspartate,c,-2,4pasp,,,
ASPSA[c],aspsa__L_c,C4H7NO3,L-Aspartate4-semialdehyde,c,0,aspsa,,,
HSER[c],hser__L_c,C4H9NO3,L-Homoserine,c,0,hom__L,,,
DIAMIBU[c],diamibu__L_c,C4H11N2O2,"L-2,4-Diaminobutanoate",c,1,24dab,,,
PHSER[c],phser_c,C4H8NO6P,O-Phospho-L-homoserine,c,-2,phom,,,
THR[c],thr__L_c,C4H9NO3,L-Threonine,c,0,thr__L,,,
OBUT[c],obut_c,C4H5O3,2-Oxobutanoate,c,-1,2obut,,,
3PG[c],3pg_c,C3H4O7P,3-Phospho-D-glycerate,c,-3,3pg,,,
PHP[c],php_c,C3H2O7P,3-Phosphonooxypyruvate,c,-3,3php,,,
3PSER[c],3pser__L_c,C3H6NO6P,O-Phospho-L-serine,c,-2,pser__L,,,
SER[c],ser__L_c,C3H7NO3,L-Serine,c,0,ser__L,,,
DSER[c],ser__D_c,C3H7NO3,D-Serine,c,0,ser__D,,,
HCYS[c],hcys_c,C4H9NO2S,L-Homocysteine,c,0,hcys__L,,,
LLCT[c],llct_c,C7H14N2O4S,Cystathionine,c,0,cyst__L,,,
THF[c],thf_c,C19H21N7O6,Tetrahydrofolate,c,-2,thf,,,
GLY[c],gly_c,C2H5NO2,Glycine,c,0,gly,,,
METTHF[c],metthf_c,C20H21N7O6,"5,10-Methylenetetrahydrofolate",c,-2,mlthf,,,
AM3OXBU[c],am3oxbu_c,C4H7NO3,L-2-Amino-3-oxobutanoicacid,c,0,2aobut,,,
LIPOYLPROTEIN[c],lipoylprotein_c,C8H14NOS2R,Lipoylprotein,c,0,lprot,,,
SAP[c],sap_c,C9H20N2OS2R,S-Aminomethyldihydrolipoylprotein,c,1,alpro,,,
DIHYDROLIPOYLPROTEIN[c],dihydrolipoylprotein_c,C8H16NOS2R,Dihydrolipoylprotein,c,0,gcvHalip,,,
AMACR[c],amacr_c,C3H5NO2,2-Aminoacrylate,c,0,2amac,,,
ASER[c],aser_c,C5H9NO4,O-Acetyl-L-serine,c,0,acser,,,
H2S[c],h2s_c,H2S,Hydrogensulfide,c,0,h2s,,,
AC[c],ac_c,C2H3O2,Acetate,c,-1,ac,,,
CYS[c],cys_c,C3H7NO2S,L-Cysteine,c,0,cys__L,,,
MPYR[c],mpyr_c,C3H3O3S,Mercaptopyruvate,c,-1,mercppyr,,,
CYSD[c],cysd_c,C3H7NO2S,D-Cysteine,c,0,cys__D,,,
MERLAC[c],merlac_c,C3H5O3S,3-Mercaptolactate,c,-1,mercplac,,,
H2SO3[c],h2so3_c,HO3S,Sulfite,c,-1,so3,,,
THJ[c],thj_c,HO3S2,Thiosulfate,c,-1,tsul,,,
SUCCOA[c],succoa_c,C25H35N7O19P3S,Succinyl-CoA,c,-4,succoa,,,
OSLHSER[c],oslhser_c,C8H12NO6,O-Succinyl-L-homoserine,c,-1,suchms,,,
SAM[c],sam_c,C15H23N6O5S,S-Adenosyl-L-methionine,c,1,amet,,,
MET[c],met_c,C5H11NO2S,L-Methionine,c,0,met__L,,,
SAH[c],sah_c,C14H20N6O5S,S-Adenosyl-L-homocysteine,c,0,ahcys,,,
MTHPTGLU[c],mthptglu_c,C30H39N9O12,5-methyltetrahydropteroyltri-L-glutamicacid,c,0,mhpglu,,,
THPTGLU[c],thptglu_c,C29H37N9O12,tetrahydropteroyltri-L-glutamicacid,c,0,hpglu,,,
CYTS[c],cyts_c,C4H5N3O,Cytosine,c,0,csn,,,
5MC[c],5mc_c,C5H7N3O,5-Methylcytosine,c,0,5mcsn,,,
RHCYS[c],rhcys_c,C9H17NO6S,S-Ribosyl-L-homocysteine,c,0,rhcys,,,
AD[c],ad_c,C5H5N5,Adenine,c,0,ade,,,
DIHY23DIO[c],dihy23dio_c,C5H8O4,"(4S)-4,5-Dihydroxypentan-2,3-dione",c,0,dhptd,,,
DSAM[c],dsam_c,C14H24N6O3S,S-Adenosylmethioninamine,c,2,ametam,,,
SPRMD[c],sprmd_c,C7H22N3,Spermidine,c,3,spmd,,,
5MTA[c],5mta_c,C11H15N5O3S,5-Methylthioadenosine,c,0,5mta,,,
SPRM[c],sprm_c,C10H30N4,Spermine,c,4,sprm,,,
C05665[c],c05665_c,C3H7NO,3-Aminopropanal ,c,0,aproa,,,
bALA[c],bala_c,C3H7NO2,beta-Alanine,c,0,ala_B,,,
PTRSC[c],ptrsc_c,C4H14N2,Putrescine,c,2,ptrc,,,
MTR[c],mtr_c,C6H12O4S,5-Methylthio-D-ribose,c,0,5mtr,,,
MTR1P[c],mtr1p_c,C6H11O7PS,S-Methyl-5-thio-D-ribose1-phosphate,c,-2,5mdr1p,,,
MTRL1P[c],mtrl1p_c,C6H11O7PS,S-Methyl-5-thio-D-ribulose1-phosphate,c,-2,5mdru1p,,,
DMTP1P[c],dmtp1p_c,C6H9O6PS,"2,3-Diketo-5-methylthiopentyl-1-phosphate",c,-2,dkmpp,,,
HYKEMEP[c],hykemep_c,C6H9O6PS,2-Hydroxy-3-keto-5-methylthiopentenyl-1-phosphate,c,-2,hkmpp,,,
D5MPO[c],d5mpo_c,C6H10O3S,"1,2-Dihydroxy-5-(methylthio)pent-1-en-3-one",c,0,dhmtp,,,
FOR[c],for_c,CHO2,Formate,c,-1,for,,,
METOBU[c],metobu_c,C5H7O3S,4-Methylthio-2-oxobutanoicacid,c,-1,4met2obut,,,
METH[c],meth_c,CH4S,Methanethiol,c,0,ch4s,,,
R2MMAL[c],r2mmal_c,C5H6O5,(R)-2-Methylmalate,c,-2,2mm__R,,,
MEMA[c],mema_c,C5H4O4,2-Methylmaleate,c,-2,2mm,,,
ERY3MEM[c],ery3mem_c,C5H6O5,D-erythro-3-Methylmalate,c,-2,e3mmal,,,
ACLAC[c],aclac_c,C5H7O4,(S)-2-Acetolactate,c,-1,alac__S,,,
ABUT[c],abut_c,C6H9O4,(S)-2-Aceto-2-hydroxybutanoate,c,-1,2ahbut,,,
HMOP[c],hmop_c,C6H9O4,(R)-3-Hydroxy-3-methyl-2-oxopentanoate,c,-1,3hmop,,,
33HMEOXOBUT[c],33hmeoxobut_c,C5H7O4,3-Hydroxy-3-methyl-2-oxobutanoicacid,c,-1,3hmoa,,,
DHMP[c],dhmp_c,C6H11O4,"(R)-2,3-Dihydroxy-3-methylpentanoate",c,-1,23dhmp,,,
DH3MVA[c],dh3mva_c,C5H9O4,"2,3-dihydroxy-3-methylbutanoicacid",c,-1,23dhmb,,,
3MOP[c],3mop_c,C6H9O3,(S)-3-Methyl-2-oxopentanoicacid,c,-1,3mop,,,
DHMVA[c],dhmva_c,C5H9O4,"(R)-2,3-Dihydroxy-3-methylbutanoate",c,-1,23dhmb,,,
OMVAL[c],omval_c,C5H7O3,3-Methyl-2-oxobutanoicacid,c,-1,3mob,,,
ILE[c],ile_c,C6H13NO2,L-Isoleucine,c,0,ile__L,,,
VAL[c],val_c,C5H11NO2,L-Valine,c,0,val__L,,,
IPPMAL[c],ippmal_c,C7H10O5,(2S)-2-Isopropylmalate,c,-2,2ippm,,,
PPMAL[c],ppmal_c,C7H8O4,2-Isopropylmaleate,c,-2,2ippm,,,
CBHCAP[c],cbhcap_c,C7H10O5,"(2R,3S)-3-Isopropylmalate",c,-2,3c2hmp,,,
OICAP[c],oicap_c,C7H8O5,(2S)-2-Isopropyl-3-oxosuccinate,c,-2,2ip3os,,,
4MOP[c],4mop_c,C6H9O3,4-Methyl-2-oxopentanoate,c,-1,4mop,,,
LEU[c],leu_c,C6H13NO2,L-Leucine,c,0,leu__L,,,
MMSA[c],mmsa_c,C4H5O3,(S)-Methylmalonatesemialdehyde,c,-1,mmtsa,,,
MMALN[c],mmaln_c,C4H4O4,Methylmalonate,c,-2,mm,,,
MBCOA[c],mbcoa_c,C26H40N7O17P3S,(S)-2-Methylbutanoyl-CoA,c,-3,2mbcoa,,,
MCRCOA[c],mcrcoa_c,C26H38N7O17P3S,2-Methylbut-2-enoyl-CoA,c,-3,3mb2coa,,,
HMBUTCOA[c],hmbutcoa_c,C26H40N7O18P3S,"(2S,3S)-3-Hydroxy-2-methylbutanoyl-CoA",c,-3,3hmbcoa,,,
MCECOA[c],mcecoa_c,C26H38N7O18P3S,2-Methylacetoacetyl-CoA,c,-3,2maacoa,,,
PROPCOA[c],propcoa_c,C24H36N7O17P3S,Propanoyl-CoA,c,-3,ppcoa,,,
IBCOA[c],ibcoa_c,C25H38N7O17P3S,Isobutyryl-CoA,c,-3,ibcoa,,,
MEENCO[c],meenco_c,C25H36N7O17P3S,2-Methylprop-2-enoyl-CoA,c,-3,2mp2coa,,,
HIBUTCOA[c],hibutcoa_c,C25H38N7O18P3S,(S)-3-Hydroxyisobutyryl-CoA,c,-3,3hibutcoa,,,
FAD[c],fad_c,C27H31N9O15P2,FAD,c,-2,fad,,,
MBUTCOA[c],mbutcoa_c,C26H40N7O17P3S,3-Methylbutanoyl-CoA,c,-3,ivcoa,,,
FADH2[c],fadh2_c,C27H33N9O15P2,FADH2,c,-2,fadh2,,,
MECRCO[c],mecrco_c,C26H38N7O17P3S,3-Methylcrotonyl-CoA,c,-3,3mb2coa,,,
HYISORATE[c],hyisorate_c,C4H7O3,3-Hydroxy-2-methylpropanoate,c,-1,3hmp,,,
MMCOA[c],mmcoa_c,C25H35N7O19P3S,(S)-Methylmalonyl-CoA,c,-4,mmcoa__S,,,
RMMCOA[c],rmmcoa_c,C25H35N7O19P3S,(R)-Methylmalonyl-CoA,c,-4,mmcoa__R,,,
AIBUT[c],aibut_c,C4H9NO2,L-3-Amino-isobutanoate,c,0,3aib,,,
DHDP[c],dhdp_c,C7H5NO4,"L-2,3-Dihydrodipicolinate",c,-2,23dhdp,,,
ACAMOXM[c],acamoxm_c,C9H11NO6,N-Acetyl-L-2-amino-6-oxopimelate,c,-2,nal2a6o,,,
AL26DA[c],al26da_c,C9H15N2O5,"N6-Acetyl-LL-2,6-diaminoheptanedioate",c,-1,al26da,,,
SDAPIM[c],sdapim_c,C11H16N2O7,"N-Succinyl-LL-2,6-diaminoheptanedioate",c,-2,sl26da,,,
DAPIM[c],dapim_c,C7H14N2O4,"LL-2,6-Diaminoheptanedioate",c,0,26dap_LL,,,
MDAPIM[c],mdapim_c,C7H14N2O4,"meso-2,6-Diaminoheptanedioate",c,0,26dap__M,,,
LYS[c],lys_c,C6H15N2O2,L-Lysine,c,1,lys__L,,,
bLYS[c],blys_c,C6H15N2O2,"(3S)-3,6-Diaminohexanoate",c,1,36dahx,,,
NAGLU[c],naglu_c,C7H9NO5,N-Acetyl-L-glutamate,c,-2,acglu,,,
NAGLUP[c],naglup_c,C7H9NO8P,N-Acetyl-L-glutamate5-phosphate,c,-3,acg5p,,,
NAGLUS[c],naglus_c,C7H10NO4,N-Acetyl-L-glutamate5-semialdehyde,c,-1,acg5sa,,,
NAORN[c],naorn_c,C7H14N2O3,N-Acetylornithine,c,0,acorn,,,
ORN[c],orn_c,C5H13N2O2,L-Ornithine,c,1,orn,,,
CITR[c],citr_c,C6H13N3O3,L-Citrulline,c,0,citr__L,,,
ARGSUCC[c],argsucc_c,C10H17N4O6,N-(L-Arginino)succinate,c,-1,argsuc,,,
ARG[c],arg_c,C6H15N4O2,L-Arginine,c,1,arg__L,,,
UREA[c],urea_c,CH4N2O,Urea,c,0,urea,,,
AGMT[c],agmt_c,C5H16N4,Agmatine,c,2,agm,,,
NO[c],no_c,NO,Nitricoxide,c,0,no,,,
UREACAR[c],ureacar_c,C2H3N2O3,Urea-1-carboxylate,c,-1,allphn,,,
GLUGSAL[c],glugsal_c,C5H9NO3,L-Glutamate 5-semialdehyde,c,0,glusemald,,,
GLU5P[c],glu5p_c,C5H8NO7P,L-Glutamyl5-phosphate,c,-2,glu5p,,,
P5C[c],p5c_c,C5H6NO2,(S)-1-Pyrroline-5-carboxylate,c,-1,1pyr5c,,,
PRO[c],pro_c,C5H9NO2,L-Proline,c,0,pro__L,,,
PHC[c],phc_c,C5H6NO3,L-1-Pyrroline-3-hydroxy-5-carboxylate,c,-1,1p3h5c,,,
E4HGLU[c],e4hglu_c,C5H8NO5,L-erythro-4-Hydroxyglutamate,c,-1,e4hglu,,,
ABAL[c],abal_c,C4H10NO,4-Aminobutanal,c,1,4abutn,,,
HPRO[c],hpro_c,C5H9NO3,trans-4-Hydroxy-L-proline,c,0,4hpro_LT,,,
4HGLUSA[c],4hglusa_c,C5H9NO4,L-4-Hydroxyglutamatesemialdehyde,c,0,4hglusa,,,
HYDROXYAKG[c],hydroxyakg_c,C5H4O6,D-4-Hydroxy-2-oxoglutarate,c,-2,4h2oxg,,,
DASP[c],dasp_c,C4H6NO4,D-Aspartate,c,-1,asp__D,,,
GLX[c],glx_c,C2HO3,Glyoxylate,c,-1,glx,,,
ASPRM[c],asprm_c,C9H23N3O,N-Acetylspermidine,c,2,n8aspmd,,,
PRBATP[c],prbatp_c,C15H19N5O20P4,Phosphoribosyl-ATP,c,-6,prbatp,,,
PRPP[c],prpp_c,C5H8O14P3,5-Phospho-alpha-D-ribose1-diphosphate,c,-5,prpp,,,
PRBAMP[c],prbamp_c,C15H19N5O14P2,Phosphoribosyl-AMP,c,-4,prbamp,,,
PRFP[c],prfp_c,C15H21N5O15P2,5-(5-Phospho-D-ribosylaminoformimino)-1-(5-phosphoribosyl)-imidazole-4-carboxamide,c,-4,prfp,,,
PRLP[c],prlp_c,C15H21N5O15P2,N-(5-Phospho-D-1-ribulosylformimino)-5-amino-1-(5-phospho-D-ribosyl)-4-imidazolecarboxamide,c,-4,prlp,,,
DIMGP[c],dimgp_c,C6H9N2O6P,D-erythro-1-(Imidazol-4-yl)glycerol3-phosphate,c,-2,eig3p,,,
AICAR[c],aicar_c,C9H13N4O8P,1-(5-Phosphoribosyl)-5-amino-4-imidazolecarboxamide,c,-2,aicar,,,
IMACP[c],imacp_c,C6H7N2O5P,3-(Imidazol-4-yl)-2-oxopropylphosphate,c,-2,imacp,,,
HISOLP[c],hisolp_c,C6H11N3O4P,L-Histidinolphosphate,c,-1,hisp,,,
HISOL[c],hisol_c,C6H12N3O,L-Histidinol,c,1,histd,,,
HIS[c],his_c,C6H9N3O2,L-Histidine,c,0,his__L,,,
UROCA[c],uroca_c,C6H5N2O2,Urocanate,c,-1,urcan,,,
IMIPR[c],imipr_c,C6H6N2O3,4-Imidazolone-5-propanoate,c,-2,4izp,,,
FORGLU[c],forglu_c,C6H9N2O4,N-Formimino-L-glutamate,c,-1,nflgln,,,
PEP[c],pep_c,C3H2O6P,Phosphoenolpyruvate,c,-2,pep,,,
E4P[c],e4p_c,C4H7O7P,D-Erythrose4-phosphate,c,-2,e4p,,,
3DDAH7P[c],3ddah7p_c,C7H10O10P,2-Dehydro-3-deoxy-D-arabino-heptonate7-phosphate,c,-3,2dda7p,,,
DQT[c],dqt_c,C7H9O6,3-Dehydroquinate,c,-1,3dhq,,,
DHSK[c],dhsk_c,C7H7O5,3-Dehydroshikimate,c,-1,3dhsk,,,
SME[c],sme_c,C7H9O5,Shikimate,c,-1,skm,,,
SME3P[c],sme3p_c,C7H8O8P,Shikimate3-phosphate,c,-3,skm5p,,,
3PSME[c],3psme_c,C10H9O10P,5-O-(1-Carboxyvinyl)-3-phosphoshikimate,c,-4,3psme,,,
CHOR[c],chor_c,C10H8O6,Chorismate,c,-2,chor,,,
AN[c],an_c,C7H6NO2,Anthranilate,c,-1,anth,,,
NPRAN[c],npran_c,C12H13NO9P,N-(5-Phospho-D-ribosyl)anthranilate,c,-3,pran,,,
CPAD5P[c],cpad5p_c,C12H13NO9P,1-(2-Carboxyphenylamino)-1-deoxy-D-ribulose5-phosphate,c,-3,2cpr5p,,,
IGP[c],igp_c,C11H12NO6P,Indoleglycerolphosphate,c,-2,3ig3p,,,
T3P1[c],t3p1_c,C3H5O6P,D-Glyceraldehyde3-phosphate,c,-2,g3p,,,
TRP[c],trp_c,C11H12N2O2,L-Tryptophan,c,0,trp__L,,,
C00463[c],c00463_c,C8H7N,Indole,c,0,indole,,,
PHEN[c],phen_c,C10H8O6,Prephenate,c,-2,pphn,,,
PHPYR[c],phpyr_c,C9H7O3,Phenylpyruvate,c,-1,phpyr,,,
PHE[c],phe_c,C9H11NO2,L-Phenylalanine,c,0,phe__L,,,
4HPP[c],4hpp_c,C9H7O4,3-(4-Hydroxyphenyl)pyruvate,c,-1,34hpp,,,
TYR[c],tyr_c,C9H11NO3,L-Tyrosine,c,0,tyr__L,,,
DGLU[c],dglu_c,C5H8NO4,D-Glutamate,c,-1,glu__D,,,
DPHE[c],dphe_c,C9H11NO2,D-Phenylalanine,c,0,phe__D,,,
PHACAL[c],phacal_c,C8H8O,Phenylacetaldehyde,c,0,pacald,,,
PAC[c],pac_c,C8H7O2,Phenylaceticacid,c,-1,pac,,,
FKYN[c],fkyn_c,C11H12N2O4,L-Formylkynurenine,c,0,Lfmkynr,,,
FORL[c],forl_c,C8H6NO3,Formylanthranilate,c,-1,nformanth,,,
KYN[c],kyn_c,C10H12N2O3,L-Kynurenine,c,0,Lkynr,,,
SARC[c],sarc_c,C3H7NO2,Sarcosine,c,0,sarcs,,,
FALD[c],fald_c,CH2O,Formaldehyde,c,0,fald,,,
GLYB[c],glyb_c,C5H11NO2,Glycinebetaine,c,0,glyb,,,
TRDOX[c],trdox_c,C6H7NO2S2R2,thioredoxindisulfide,c,0,trdox,,,
TRDRD[c],trdrd_c,C6H9NO2S2R2,thioredoxindithiol,c,0,trdrd,,,
METOX[c],metox_c,C5H11NO3S,L-methionineS-oxide,c,0,metox,,,
2MOP[c],2mop_c,C4H5O3,2-Methyl-3-oxopropanoate,c,-1,2mop,,,
MTRNA[c],mtrna_c,HOX,tRNA(Met),c,0,trnamet,,,
LMETTRNA[c],lmettrna_c,C5H11NO2SX,L-Methionyl-tRNA(Met),c,1,mettrna,,,
TART[c],tart_c,C4H4O6,L-tartarate,c,-2,tartr__L,,,
G[c],g_c,C3H5O4,D-Glycerate,c,-1,glyc__R,,,
BETALD[c],betald_c,C5H12NO,Betainealdehyde,c,1,betald,,,
ALALEU[c],alaleu_c,C9H18N2O3,Ala-Leu,c,0,ala_leu,,,
METALA[c],metala_c,C8H16N2O3S,met-L-ala-L,c,0,met_L_ala__L,,,
HPYR[c],hpyr_c,C3H3O4,Hydroxypyruvate,c,-1,hpyr,,,
AG[c],ag_c,C10H12NO5,L-Arogenate,c,-1,Largn,,,
DIPYRCAR[c],dipyrcar_c,C5H6NO2,"3,4-Dihydro-2H-Pyrrole-2-carboxylate",c,-1,1pyr5c,,,
OAHSER[c],oahser_c,C6H11NO4,O-Acetyl-L-homoserine,c,0,achms,,,
DALA[c],dala_c,C3H7NO2,D-Alanine,c,0,ala__D,,,
3OPP[c],3opp_c,C3H3O3,3-Oxopropanoate,c,-1,msa,,,
PRPECO[c],prpeco_c,C24H34N7O17P3S,Propenoyl-CoA,c,-3,prpncoa,,,
HPCOA[c],hpcoa_c,C5H9NO3,L-Glutamate5-semialdehyde,c,-3,glu5sa,,,
CYSTE[c],cyste_c,C3H6NO5S,L-Cysteate,c,-1,Lcyst,,,
TAUR[c],taur_c,C2H7NO3S,Taurine,c,0,taur,,,
SELNT[c],selnt_c,O4Se,selenate,c,-2,sel,,,
ASELNT[c],aselnt_c,C10H13N5O10PSe,adenosinephosphoselenate,c,-1,aps,,,
FERO[c],fero_c,C42H44FeN8O8S2R4,ferrocytochromec,c,2,focytC,,,
FERI[c],feri_c,C42H44FeN8O8S2R4,ferricytochromec,c,3,ficytC,,,
SELT[c],selt_c,SeO3,selenite,c,-2,slnt,,,
SELD[c],seld_c,HSe,selane,c,-1,sel,,,
SCYS[c],scys_c,C3H7NO2Se,selenocysteine,c,0,selcys,,,
SCYST[c],scyst_c,C7H14N2O4Se,L-selenocystathionine,c,0,selencysthne,,,
SHSYS[c],shsys_c,C4H8NO2Se,selenohomocysteine,c,-1,selhcys,,,
SEMET[c],semet_c,C5H11NO2Se,selenomethionine,c,0,selmeth,,,
MSEL[c],msel_c,CH4Se,Methylselenol,c,0,methsel,,,
CYAL[c],cyal_c,C4H6N2O2,L-3-cyanoalanine,c,0,HC00955,,,
AMPROTR[c],amprotr_c,C3H7N2,beta-Aminopropionitrile,c,1,apn3,,,
GAPPN[c],gappn_c,C8H13N3O3,gamma-glutamyl-beta-aminopropiononitrile,c,0,ggapn3,,,
GCALA[c],gcala_c,C9H12N3O5,gamma-Glutamyl-beta-cyanoalanine,c,-1,ggbcala,,,
HCN[c],hcn_c,CHN,hydrogencyanide,c,0,cyan,,,
DGLN[c],dgln_c,C5H10N2O3,D-Glutamine,c,0,gln__D,,,
RGT[c],rgt_c,C10H16N3O6S,Glutathione,c,-1,gthrd,,,
OGT[c],ogt_c,C20H30N6O12S2,Glutathionedisulfide,c,-2,gthox,,,
CGLY[c],cgly_c,C5H10N2O3S,Cys-Gly,c,0,cgly,,,
ALAGLN[c],alagln_c,C8H15N3O4,Ala-Gln,c,0,ala_L_gln__L,,,
ALAHIS[c],alahis_c,C9H14N4O3,Ala-His,c,0,ala_L_his__L,,,
ALAASP[c],alaasp_c,C7H11N2O5,ala-L-asp-L,c,-1,ala_L_asp__L,,,
ALAGLU[c],alaglu_c,C8H13N2O5,ala-L-glu-L,c,-1,ala_L_glu__L,,,
ALATHR[c],alathr_c,C7H14N2O4,ala-L-Thr-L,c,0,ala_L_Thr__L,,,
GLYASN[c],glyasn_c,C6H11N3O4,gly-asn-L,c,0,gly_asn__L,,,
GLYASP[c],glyasp_c,C6H9N2O5,gly-asp-L,c,-1,gly_asp__L,,,
GLYGLN[c],glygln_c,C7H13N3O4,Gly-Gln,c,0,gly_gln__L,,,
GLYGLU[c],glyglu_c,C7H11N2O5,gly-glu-L,c,-1,gly_glu__L,,,
GLYLEU[c],glyleu_c,C8H16N2O3,Gly-Leu,c,0,gly_leu__L,,,
GLYMET[c],glymet_c,C7H14N2O3S,Gly-Met,c,0,gly_met__L,,,
GLYPHE[c],glyphe_c,C11H14N2O3,Gly-Phe,c,0,gly_phe__L,,,
ALAGLY[c],alagly_c,C5H10N2O3,L-alanylglycine,c,0,L_alagly,,,
ARBT6P[c],arbt6p_c,C12H15O10P,Arbutin6-phosphate,c,-2,arbt6p,,,
G6P[c],g6p_c,C6H11O9P,D-Glucose6-phosphate,c,-2,g6p,,,
BENDL[c],bendl_c,C6H6O2,p-Benzenediol,c,0,hqn,,,
C01172[c],c01172_c,C6H13O9P,beta-D-Glucose6-phosphate ,c,-2,M01389,,,
F6P[c],f6p_c,C6H11O9P,D-Fructose6-phosphate,c,-1,f6p,,,
FDP[c],fdp_c,C6H10O12P2,"D-Fructose1,6-bisphosphate",c,-4,fdp,,,
T3P2[c],t3p2_c,C3H5O6P,Dihydroxyacetonephosphate,c,-1,dhap,,,
ARBUTIN[e],arbutin_e,C12H16O7,Arbutin_e,e,0,arbt,,,
SALI[e],sali_e,C13H18O7,Salicin_e,e,0,rbl_B,,,
SALCN6P[c],salcn6p_c,C13H17O10P,Salicin6-phosphate,c,-2,salcn6p,,,
C04534[c],c04534_c,C12H23O14P,Cellobiose6-phosphate ,c,-2,cellb6p,,,
GLC[c],glc_c,C6H12O6,D-Glucose,c,0,glc__D,,,
G1P[c],g1p_c,C6H11O9P,D-Glucose1-phosphate,c,-1,g1p,,,
13PDG[c],13pdg_c,C3H4O10P2,3-Phospho-D-glyceroylphosphate,c,-4,13dpg,,,
2PG[c],2pg_c,C3H4O7P,2-Phospho-D-glycerate,c,-3,2pg,,,
LAC[c],lac_c,C3H5O3,L-Lactate,c,-1,lac__L,,,
ETOL[c],etol_c,C2H6O,Ethanol,c,0,etoh,,,
CIT[c],cit_c,C6H5O7,Citrate,c,-3,cit,,,
ICIT[c],icit_c,C6H5O7,Isocitrate,c,-3,icit,,,
C05379[c],c05379_c,C6H6O7,Oxalosuccinate ,c,-2,osuc,,,
C05381[c],c05381_c,C16H25N4O10P2S,3-Carboxy-1-hydroxypropyl-ThPP ,c,-2,3c1ht,,,
C15972[c],c15972_c,C8H14NOS2R,EnzymeN6-(lipoyl)lysine ,c,0,lpam,,,
C16254[c],c16254_c,C12H20NO4S2R,_Dihydrolipoyllysine-residuesuccinyltransferaseS-succinyldihydrolipoyllysine ,c,0,HC00695,,,
THDP[c],thdp_c,C12H16N4O7P2S,Thiamindiphosphate,c,-2,thmpp,,,
C15973[c],c15973_c,C8H16NOS2R,EnzymeN6-(dihydrolipoyl)lysine ,c,0,C02147,,,
OFER[c],ofer_c,X,Oxidizedferredoxin,c,0,fdxox,,,
RFER[c],rfer_c,XH2,Reducedferredoxin,c,0,fdxrd,,,
MAL[c],mal_c,C4H4O5,(S)-Malate,c,-2,mal__L,,,
D6PGL[c],d6pgl_c,C6H9O9P,"D-Glucono-1,5-lactone6-phosphate",c,-2,6pgl,,,
D6PGC[c],d6pgc_c,C6H10O10P,6-Phospho-D-gluconate,c,-3,6pgc,,,
RL5P[c],rl5p_c,C5H9O8P,D-Ribulose5-phosphate,c,-2,ru5p__D,,,
ARAHE6P[c],arahe6p_c,C6H11O9P,D-arabino-3-Hexulose6-phosphate,c,-2,ah6p__D,,,
XUL5P[c],xul5p_c,C5H9O8P,D-Xylulose5-phosphate,c,-2,xu5p__D,,,
S7P[c],s7p_c,C7H13O10P,Sedoheptulose7-phosphate,c,-2,s7p,,,
R5P[c],r5p_c,C5H9O8P,D-Ribose5-phosphate,c,-2,ru5p__D,,,
DRIB[c],drib_c,C5H10O4,Deoxyribose,c,0,5drib,,,
DR5P[c],dr5p_c,C5H9O7P,2-Deoxy-D-ribose5-phosphate,c,-2,2dr5p,,,
R1P[c],r1p_c,C5H9O8P,D-Ribose1-phosphate,c,-2,r1p,,,
RIB[c],rib_c,C5H10O5,D-Ribose,c,0,rib__D,,,
DR1P[c],dr1p_c,C5H9O7P,2-Deoxy-D-ribose1-phosphate,c,-2,2dr1p,,,
GLCN15LAC[c],glcn15lac_c,C6H10O6,"D-Glucono-1,5-lactone",c,0,15gl,,,
GLCNT[c],glcnt_c,C6H11O7,D-Gluconicacid,c,-1,glcn,,,
KDG[c],kdg_c,C6H9O6,2-Dehydro-3-deoxy-D-gluconate,c,-1,2ddglcn,,,
KDPG[c],kdpg_c,C6H8O9P,2-Dehydro-3-deoxy-6-phospho-D-gluconate,c,-3,2ddg6p,,,
GALUNT[c],galunt_c,C6H9O7,D-Galacturonate,c,-1,galur,,,
TAGUR[c],tagur_c,C6H9O7,D-Tagaturonate,c,-1,tagur,,,
GLCUNT[c],glcunt_c,C6H9O7,D-Glucuronate,c,-1,glcur,,,
FRUTN[c],frutn_c,C6H9O7,D-Fructuronate,c,-1,fruur,,,
ALTRN[c],altrn_c,C6H11O7,D-Altronate,c,-1,altrn,,,
UTP[c],utp_c,C9H11N2O15P3,UTP,c,-4,utp,,,
UDPG[c],udpg_c,C15H22N2O17P2,UDP-glucose,c,-2,udpg,,,
UDPGTE[c],udpgte_c,C15H19N2O18P2,UDP-glucuronate,c,-3,udpglcur,,,
XUL[c],xul_c,C5H10O5,D-xylulose,c,0,xylu__D,,,
XYL[c],xyl_c,C5H10O5,D-Xylose,c,0,xyl__D,,,
LRL5P[c],lrl5p_c,C5H9O8P,L-Ribulose5-phosphate,c,-2,ru5p__L,,,
LARAB[c],larab_c,C5H10O5,L-Arabinose,c,0,arab__L,,,
LRL[c],lrl_c,C5H10O5,L-Ribulose,c,0,rbl__L,,,
MANOE[c],manoe_c,C6H11O7,D-Mannonate,c,-1,mana,,,
MNT1P[c],mnt1p_c,C6H13O9P,D-Mannitol1-phosphate,c,-2,mnl1p,,,
MAN6P[c],man6p_c,C6H11O9P,D-Mannose6-phosphate,c,-2,man6p,,,
MAN1P[c],man1p_c,C6H11O9P,D-Mannose1-phosphate,c,-2,man1p,,,
GTP[c],gtp_c,C10H12N5O14P3,GTP,c,-3,gtp,,,
GDPMAN[c],gdpman_c,C16H23N5O16P2,GDP-mannose,c,-2,gdpmann,,,
F1P[c],f1p_c,C6H11O9P,D-Fructose1-phosphate,c,-2,f1p,,,
GLYAL[c],glyal_c,C3H6O3,D-Glyceraldehyde,c,0,glyald,,,
XOL[c],xol_c,C5H12O5,Xylitol,c,0,xylt,,,
FRU[c],fru_c,C6H12O6,D-Fructose,c,0,fru,,,
C00984[c],c00984_c,C6H12O6,alpha-D-Galactose ,c,0,a_gal__D,,,
GAL1P[c],gal1p_c,C6H11O9P,alpha-D-Galactose1-phosphate,c,-1,gal1p,,,
UDPGAL[c],udpgal_c,C15H22N2O17P2,UDP-D-galactose,c,-2,udpgal,,,
MELI[c],meli_c,C12H22O11,Melibiose,c,0,melib,,,
GAL[c],gal_c,C6H12O6,D-Galactose,c,0,gal,,,
MATR[c],matr_c,C18H32O16,Manninotriose,c,0,mnt,,,
STAC[c],stac_c,C24H42O21,Stachyose,c,0,stys,,,
RAF[c],raf_c,C18H32O16,Raffinose,c,0,raffin,,,
SUC[c],suc_c,C12H22O11,Sucrose,c,0,sucr,,,
SUC6P[c],suc6p_c,C12H21O14P,Sucrose6-phosphate,c,-2,suc6p,,,
MELT[c],melt_c,C12H24O11,Melibiitol,c,0,melt,,,
SOT[c],sot_c,C6H14O6,D-Sorbitol,c,0,sbt__D,,,
EPIBIO[c],epibio_c,C12H22O11,Epimelibiose,c,0,epm,,,
MAN[c],man_c,C6H12O6,D-Mannose,c,0,man,,,
DGALGLY[c],dgalgly_c,C9H18O8,3-beta-D-Galactosyl-sn-glycerol,c,0,HC01444,,,
GL[c],gl_c,C3H8O3,Glycerol,c,0,glyc,,,
GALOL[c],galol_c,C12H22O11,alpha-D-galactosyl-(1->3)-1D-myo-inositol,c,0,1Dgali,,,
MYOI[c],myoi_c,C6H12O6,myo-Inositol,c,0,inost,,,
TRE6P[c],tre6p_c,C12H21O14P,Trehalose6-phosphate,c,-2,tre6p,,,
ADPGLC[c],adpglc_c,C16H23N5O15P2,ADP-glucose,c,-2,adpglc,,,
AMYLS1[c],amyls1_c,C42H70O35,Amylose(n),c,0,amylose,,,
AMYLS2[c],amyls2_c,C48H80O40,Amylose(n+1),c,0,,,socorro,
STAR[c],star_c,C48H80O40,Starch(n),c,0,,,4 veces starch,
DEX[c],dex_c,C24H40O20,Dextrin(n),c,0,,,2 veces dextrin,
MLT[c],mlt_c,C12H22O11,Maltose,c,0,malt,,,
LEVN1[c],levn1_c,C18H32O16,Levan(n-1),c,0,,,poli fructosas,
LEVN[c],levn_c,C24H42O21,Levan(n),c,0,,,,
LEVMN[c],levmn_c,C42H72O36,Levan(m+n),c,0,,,,
LEVM[c],levm_c,C18H32O16,Levan(m),c,0,,,,
MURNAC6P[c],murnac6p_c,C11H17NO11P,N-Acetylmuramicacid6-phosphate,c,-3,acmum6p,,,
NAGA6P[c],naga6p_c,C8H14NO9P,N-Acetyl-D-glucosamine6-phosphate,c,-1,acgam6p,,,
GA6P[c],ga6p_c,C6H13NO8P,D-Glucosamine6-phosphate,c,0,gam6p,,,
GA1P[c],ga1p_c,C6H13NO8P,alpha-D-Glucosamine1-phosphate,c,0,gam1p,,,
NAGA1P[c],naga1p_c,C8H14NO9P,N-Acetyl-alpha-D-glucosamine1-phosphate,c,-1,acgam1p,,,
UDPNAG[c],udpnag_c,C17H25N3O17P2,UDP-N-acetyl-D-glucosamine,c,-2,uacgam,,,
UACMAM[c],uacmam_c,C17H25N3O17P2,UDP-N-acetyl-D-mannosamine,c,-2,uacmam,,,
UACMAM[e],uacmam_e,C17H25N3O17P2,UDP-N-acetyl-D-mannosamine_e,e,-2,uacmam,,,
UACMAMU[c],uacmamu_c,C17H22N3O18P2,UDP-N-acetyl-D-mannosaminouronate,c,-3,uacmamu,,,
UACMAMU[e],uacmamu_e,C17H22N3O18P2,UDP-N-acetyl-D-mannosaminouronate,e,-3,uacmamu,,,
UACCG[c],uaccg_c,C20H26N3O19P2,UDP-N-acetyl-3-(1-carboxyvinyl)-D-glucosamine,c,-3,uaccg,,,
UDPNAM[c],udpnam_c,C20H28N3O19P2,UDP-N-acetylmuramate,c,-3,uamr,,,
ACTP[c],actp_c,C2H3O5P,Acetylphosphate,c,-2,actp,,,
MTHGXL[c],mthgxl_c,C3H4O2,Methylglyoxal,c,0,mthgxl,,,
LGT[c],lgt_c,C13H20N3O8S,(R)-S-Lactoylglutathione,c,-1,lgt__S,,,
HYOXGLU[c],hyoxglu_c,C5H4O6,4-Hydroxy-2-oxoglutarate,c,-2,4h2oxg,,,
GLYA[c],glya_c,C2H3O3,Glycolate,c,-1,glyclt,,,
MTART[c],mtart_c,C4H4O6,meso-Tartaricacid,c,-2,tartr__M,,,
OXGLY[c],oxgly_c,C4H2O6,Oxaloglycolate,c,-2,oxglyc,,,
AACCOA[c],aaccoa_c,C25H36N7O18P3S,Acetoacetyl-CoA,c,-3,aacoa,,,
RHYBC[c],rhybc_c,C25H38N7O18P3S,(R)-3-Hydroxybutanoyl-CoA,c,-4,3hbcoa__R,,,
HBUT[c],hbut_c,C4H7O3,2-Hydroxybutyrate,c,-1,2hb,,,
PPAP[c],ppap_c,C3H5O5P,Propanoylphosphate,c,-1,ppap,,,
PROP[c],prop_c,C3H5O2,Propanoate,c,-1,prpnte,,,
C05993[c],c05993_c,C12H16N5O8P,Acetyladenylate,c,-2,aad,,,
C05983[c],c05983_c,C13H18N5O8P,Propionyladenylate ,c,-2,HC01668,,,
BUAC[c],buac_c,C4H7O2,Butanoicacid,c,-1,but,,,
BUTP[c],butp_c,C4H7O5P,Butanoylphosphate,c,-2,butpi,,,
3HBCOA[c],3hbcoa_c,C25H38N7O18P3S,(S)-3-Hydroxybutanoyl-CoA,c,-3,3hbcoa,,,
POLHYBU[c],polhybu_c,C12H18O6,Poly-beta-hydroxybutyrate,c,-3,phb,,,
ACTN[c],actn_c,C4H8O2,(R)-Acetoin,c,0,R_actn,,,
BDOH[c],bdoh_c,C4H10O2,"(R,R)-2,3-Butanediol",c,0,btd_RR,,,
MYOIP[c],myoip_c,C6H11O9P,myo-Inositolphosphate,c,-2,mi1p__D,,,
INOSOSE[c],inosose_c,C6H10O6,"2,4,6/3,5-Pentahydroxycyclohexanone",c,0,2ins,,,
C19891[c],c19891_c,C6H12O6,1D-chiro-Inositol  ,c,0,inost,,,
C20251[c],c20251_c,C6H10O6,1-Keto-D-chiro-inositol ,c,0,2ins,,,
TCHDIONE[c],tchdione_c,C6H8O5,"3D-(3,5/4)-Trihydroxycyclohexane-1,2-dione",c,0,dkdi,,,
C16737[c],c16737_c,C6H10O6,5-Deoxy-D-glucuronate ,c,-1,,,No existe en bigg,
DEKEGLU[c],dekeglu_c,C6H9O6,2-Deoxy-5-keto-D-gluconicacid,c,-1,d5kg,,,
DEKG6P[c],dekg6p_c,C6H8O9P,2-Deoxy-5-keto-D-gluconicacid6-phosphate,c,-3,d5kgp,,,
T6P[c],t6p_c,C6H11O9P,D-Tagatose6-phosphate,c,-2,tag6p__D,,,
TAGBP[c],tagbp_c,C6H10O12P2,"D-Tagatose1,6-bisphosphate",c,-4,tagdp__D,,,
UDPNAGA[c],udpnaga_c,C17H25N3O17P2,UDP-N-acetyl-D-galactosamine,c,-2,udpacgal,,,
HOPP[c],hopp_c,C3H3O4,2-Hydroxy-3-oxopropanoate,c,-1,2h3oppan,,,
GLAL[c],glal_c,C2H4O2,Glycolaldehyde,c,0,gcald,,,
GLUAC[c],gluac_c,C6H8O6,D-Glucuronolactone,c,0,glac,,,
GLUCARATE[c],glucarate_c,C6H8O8,D-glucarate,c,-2,glcr,,,
LACTOSE[c],lactose_c,C12H22O11,Lactose,c,0,lcts,,,
ACTAC[c],actac_c,C4H5O3,Acetoacetate,c,-1,acac,,,
BUTL[c],butl_c,C4H10O,1-Butanol,c,0,1btol,,,
LGALNT[c],lgalnt_c,C6H11O7,L-Galactonate,c,-1,galctn__L,,,
GALAC[c],galac_c,C6H10O6,"L-Galactono-1,4-lactone",c,0,gal14lac,,,
DGLCNT[c],dglcnt_c,C6H9O7,2-dehydro-D-gluconate,c,-1,2dhglcn,,,
CELLOB[c],cellob_c,C12H22O11,cellobiose,c,0,cellb,,,
GENTB[c],gentb_c,C12H22O11,gentiobiose,c,0,gbiose,,,
CTETRAOSE[c],ctetraose_c,C24H42O21,cellotetraose,c,0,,,No existe en bigg,2x celobiosa
TUR[c],tur_c,C12H22O11,turanose,c,0,,,No existe en bigg,Anañogo de fructosa
CELLOT[c],cellot_c,C18H32O16,cellotriose,c,0,,,No existe en bigg,
GL3P[c],gl3p_c,C3H7O6P,sn-Glycerol3-phosphate,c,-1,glyc3p,,,
H[e],h_e,H,H+_e,e,1,h,,,
MQN8[c],mqn8_c,C51H72O2,Menaquinone8,c,0,mqn8,,,
MQL8[c],mql8_c,C51H74O2,Menaquinol8,c,0,mql8,,,
PPPI[c],pppi_c,H1O10P3,Triphosphate,c,-4,pppi,,,
HNO2[c],hno2_c,NO2,Nitrite,c,-1,no2,,,
HNO3[c],hno3_c,NO3,Nitrate,c,-1,no3,,,
N2[c],n2_c,N2,nitrogen,c,0,n2,,,
SLF[c],slf_c,O4S,Sulfate,c,-2,so4,,,
APS[c],aps_c,C10H12N5O10PS,Adenylylsulfate,c,-2,aps,,,
PAPS[c],paps_c,C10H11N5O13P2S,3-Phosphoadenylylsulfate,c,-4,paps,,,
PAP[c],pap_c,C10H11N5O10P2,"Adenosine3,5-bisphosphate",c,-4,pap,,,
UDPNAMA[c],udpnama_c,C23H33N4O20P2,UDP-N-acetylmuramoyl-L-alanine,c,-3,uama,,,
UDPNAMAG[c],udpnamag_c,C28H39N5O23P2,UDP-N-acetylmuramoyl-L-alanyl-D-glutamate,c,-4,uamag,,,
UGMD[c],ugmd_c,C35H51N7O26P2,"UDP-N-acetylmuramoyl-L-alanyl-D-gamma-glutamyl-meso-2,6-diaminopimelate",c,-4,ugmd,,,
ALAALA[c],alaala_c,C6H12N2O3,D-Alanyl-D-alanine,c,0,alaala,,,
UGMDA[c],ugmda_c,C41H61N9O28P2,UDP-N-acetylmuramoyl-L-alanyl-D-glutamyl-6-carboxy-L-lysyl-D-alanyl-D-alanine,c,-4,ugmda,,,
MALCOA[c],malcoa_c,C24H33N7O19P3S,Malonyl-CoA,c,-4,malcoa,,,
ACP[c],acp_c,C11H21N2O7PRS,Acyl-carrierprotein,c,-1,ACP,,,
ACACP[c],acacp_c,C13H23O8N2PRS,Acetyl-_ACP,c,-1,acACP,,,
MALACP[c],malacp_c,C14H22N2O10PRS,Malonyl-_ACP,c,-2,malACP,,,
PMTCOA[c],pmtcoa_c,C37H62N7O17P3S,palmitoyl-CoA(n-C16:0CoA),c,-3,pmtcoa,,,
C16DCOA[c],c16dcoa_c,C37H60N7O17P3S,trans-Hexadec-2-enoyl-CoA,c,-3,hdd2coa,,,
HHDCOA[c],hhdcoa_c,C37H62N7O18P3S,(S)-3-Hydroxyhexadecanoyl-CoA,c,-3,3hhdcoa,,,
C16OCOA[c],c16ocoa_c,C37H60N7O18P3S,3-Oxopalmitoyl-CoA,c,-3,3ohdcoa,,,
TDCOA[c],tdcoa_c,C35H62N7O17P3S,tetradecanoyl-CoA(C14:0CoA),c,0,myrstcoa,,,
C14DCOA[c],c14dcoa_c,C35H56N7O17P3S,trans-Tetradec-2-enoyl-CoA,c,-4,td2coa,,,
HYTECOA[c],hytecoa_c,C35H58N7O18P3S,(S)-3-Hydroxytetradecanoyl-CoA,c,-4,3htdcoa,,,
C14OCOA[c],c14ocoa_c,C35H56N7O18P3S,3-Oxotetradecanoyl-CoA,c,-4,3otdcoa,,,
C120COA[c],c120coa_c,C33H54N7O17P3S,Lauroyl-CoA,c,-4,dodeccoa,,,
TRADOCO[c],tradoco_c,C33H52N7O17P3S,2-trans-Dodecenoyl-CoA,c,-4,dd2coa,,,
HYDOCOA[c],hydocoa_c,C33H54N7O18P3S,(S)-3-Hydroxydodecanoyl-CoA,c,-4,d3odeccoa,,,
C12OCOA[c],c12ocoa_c,C33H52N7O18P3S,3-Oxododecanoyl-CoA,c,-4,3oddcoa,,,
C100COA[c],c100coa_c,C31H50N7O17P3S,Decanoyl-CoA,c,-4,deccoa,,,
C10DCOA[c],c10dcoa_c,C31H48N7O17P3S,trans-Dec-2-enoyl-CoA,c,-4,dc2coa,,,
HYDEC[c],hydec_c,C31H50N7O18P3S,(S)-Hydroxydecanoyl-CoA,c,-4,d3eccoa,,,
C10OCOA[c],c10ocoa_c,C31H48N7O18P3S,3-Oxodecanoyl-CoA,c,-4,3odcoa,,,
C80COA[c],c80coa_c,C29H46N7O17P3S,Octanoyl-CoA,c,-4,octcoa,,,
C8DCOA[c],c8dcoa_c,C29H44N7O17P3S,trans-Oct-2-enoyl-CoA,c,-4,oc2coa,,,
HYTACOA[c],hytacoa_c,C29H46N7O18P3S,(S)-Hydroxyoctanoyl-CoA,c,-4,3hocoa,,,
C8OCOA[c],c8ocoa_c,C29H44N7O18P3S,3-Oxooctanoyl-CoA,c,-4,3oocoa,,,
C60COA[c],c60coa_c,C27H42N7O17P3S,Hexanoyl-CoA,c,-4,hxcoa,,,
C6DCOA[c],c6dcoa_c,C27H40N7O17P3S,trans-Hex-2-enoyl-CoA,c,-3,hx2coa,,,
HYHECOA[c],hyhecoa_c,C27H42N7O18P3S,(S)-Hydroxyhexanoyl-CoA,c,-3,3hhcoa,,,
OHEXCOA[c],ohexcoa_c,C27H40N7O18P3S,3-Oxohexanoyl-CoA,c,-3,3ohcoa,,,
CRONYLCOA[c],cronylcoa_c,C25H36N7O17P3S,Crotonoyl-CoA,c,-3,b2coa,,,
H3MCOA[c],h3mcoa_c,C27H39N7O20P3S,(S)-3-Hydroxy-3-methylglutaryl-CoA,c,-4,hmgcoa,,,
HDBUT[c],hdbut_c,C4H7O3,(R)-3-Hydroxybutanoate,c,-1,bhb,,,
GLYN[c],glyn_c,C3H6O3,Glycerone,c,0,dha,,,
cpd15327[c],cpd15327_c,C19H38O7P,1-hexadecanoyl-sn-glycerol3-phosphate,c,-1,1hdecg3p,,,
cpd15331[c],cpd15331_c,C17H34O7P,1-tetradecanoyl-sn-glycerol3-phosphate,c,-1,1tdecg3p,,,
C00412[c],c00412_c,C39H70N7O17P3S,Stearoyl-CoA ,c,-3,srcoa,,,
cpd15329[c],cpd15329_c,C21H42O7P,1-octadecanoyl-sn-glycerol3-phosphate,c,-1,1odecg3p,,,
cpd11432[c],cpd11432_c,C38H65N7O17P3S,fa11coa|Iso-C17:0CoAIsoheptadecanoyl-CoA,c,-3,hpdcacoa,,,
cpd15671[c],cpd15671_c,C20H40O7P,1-isoheptadecanoyl-sn-glycerol3-phosphate,c,-1,,No existe en bigg ,,
cpd11434[c],cpd11434_c,C38H65N7O17P3S,fa12coa|Anteiso-C17:0CoAAnteisoheptadecanoyl-CoA,c,-3,fa12coa,,,
cpd15672[c],cpd15672_c,C20H40O7P,1-anteisoheptadecanoyl-sn-glycerol3-phosphate,c,-1,,No existe en bigg ,,
cpd11435[c],cpd11435_c,C35H59N7O17P3S,fa1coa|Iso-C14:0CoAIsotetradecanoyl-CoA,c,-3,fa1coa,,,
cpd15673[c],cpd15673_c,C17H34O7P,1-isotetradecanoyl-sn-glycerol3-phosphate,c,-1,1tdecg3p,,,
cpd11437[c],cpd11437_c,C36H61N7O17P3S,fa3coa|Iso-C15:0CoAIsopentadecanoyl-CoA,c,-3,fa3coa,,,
cpd15674[c],cpd15674_c,C18H36O7P,1-isopentadecanoyl-sn-glycerol3-phosphate,c,-1,,No existe en bigg ,,
cpd11439[c],cpd11439_c,C36H61N7O17P3S,fa4coa|Anteiso-C15:0CoAAnteisopentadecanoyl-CoA,c,-3,fa4coa,,,
cpd15675[c],cpd15675_c,C18H36O7P,1-anteisopentadecanoyl-sn-glycerol3-phosphate,c,-1,,No existe en bigg ,,
cpd11441[c],cpd11441_c,C37H63N7O17P3S,fa6coa|Iso-C16:0CoAIsohexadecanoyl-CoA,c,-3,fa6coa,,,
cpd15676[c],cpd15676_c,C19H38O7P,1-isohexadecanoyl-sn-glycerol3-phosphate,c,-1,1hdecg3p,,,
cpd15524[c],cpd15524_c,C35H68O8P,"1,2-dihexadecanoyl-sn-glycerol3-phosphate",c,-1,pa160,,,
cpd15522[c],cpd15522_c,C31H60O8P,"1,2-ditetradecanoyl-sn-glycerol3-phosphate",c,-1,pa140,,,
cpd15526[c],cpd15526_c,C39H76O8P,"1,2-dioctadecanoyl-sn-glycerol3-phosphate",c,-1,pa180,,,
cpd15677[c],cpd15677_c,C37H72O8P,"1,2-diisoheptadecanoyl-sn-glycerol3-phosphate",c,-1,12diisgly,,,
cpd15678[c],cpd15678_c,C37H72O8P,"1,2-dianteisoheptadecanoyl-sn-glycerol3-phosphate",c,-1,,No existe en bigg ,,
cpd15679[c],cpd15679_c,C31H60O8P,"1,2-diisotetradecanoyl-sn-glycerol3-phosphate",c,-1,,No existe en bigg ,,
cpd15680[c],cpd15680_c,C33H64O8P,"1,2-diisopentadecanoyl-sn-glycerol3-phosphate",c,-1,,No existe en bigg ,,
cpd15681[c],cpd15681_c,C33H64O8P,"1,2-dianteisopentadecanoyl-sn-glycerol3-phosphate",c,-1,,No existe en bigg ,,
cpd15682[c],cpd15682_c,C35H68O8P,"1,2-diisohexadecanoyl-sn-glycerol3-phosphate",c,-1,,No existe en bigg ,,
CTP[c],ctp_c,C9H12N3O14P3,CTP,c,-3,ctp,,,
cpd15683[c],cpd15683_c,C46H83N3O15P2,"CDP-1,2-diisoheptadecanoylglycerol",c,-2,,No existe en bigg ,,
cpd15684[c],cpd15684_c,C46H83N3O15P2,"CDP-1,2-dianteisoheptadecanoylglycerol",c,-2,,No existe en bigg ,,
cpd15685[c],cpd15685_c,C40H71N3O15P2,"CDP-1,2-diisotetradecanoylglycerol",c,-2,,No existe en bigg ,,
cpd15686[c],cpd15686_c,C42H75N3O15P2,"CDP-1,2-diisopentadecanoylglycerol",c,-2,,No existe en bigg ,,
cpd15687[c],cpd15687_c,C42H75N3O15P2,"CDP-1,2-dianteisopentadecanoylglycerol",c,-2,,No existe en bigg ,,
cpd15688[c],cpd15688_c,C44H79N3O15P2,"CDP-1,2-diisohexadecanoylglycerol",c,-2,,No existe en bigg ,,
CMP[c],cmp_c,C9H12N3O8P,CMP,c,-1,cmp, ,,
cpd15689[c],cpd15689_c,C40H76NO10P,Diisoheptadecanoylphosphatidylserine,c,-2,,No existe en bigg ,,
cpd15690[c],cpd15690_c,C40H76NO10P,Dianteisoheptadecanoylphosphatidylserine,c,-2,dianphaser,,,
cpd15691[c],cpd15691_c,C34H64NO10P,Diisotetradecanoylphosphatidylserine,c,-2,,No existe en bigg ,,
cpd15692[c],cpd15692_c,C36H68NO10P,Diisopentadecanoylphosphatidylserine,c,-2,,No existe en bigg ,,
cpd15693[c],cpd15693_c,C36H68NO10P,Dianteisopentadecanoylphosphatidylserine,c,-2,,No existe en bigg ,,
cpd15694[c],cpd15694_c,C38H72NO10P,Diisohexadecanoylphosphatidylserine,c,-2,,No existe en bigg ,,
cpd15695[c],cpd15695_c,C39H78NO8P,Diisoheptadecanoylphosphatidylethanolamine,c,0,,No existe en bigg ,,
cpd15696[c],cpd15696_c,C39H78NO8P,Dianteisoheptadecanoylphosphatidylethanolamine,c,0,dianethal,,,
cpd15697[c],cpd15697_c,C33H66NO8P,Diisotetradecanoylphosphatidylethanolamine,c,0,,No existe en bigg ,,
cpd15698[c],cpd15698_c,C35H70NO8P,Diisopentadecanoylphosphatidylethanolamine,c,0,,No existe en bigg ,,
cpd15699[c],cpd15699_c,C35H70NO8P,Dianteisopentadecanoylphosphatidylethanolamine,c,0,,No existe en bigg ,,
cpd15700[c],cpd15700_c,C37H74NO8P,Diisohexadecanoylphosphatidylethanolamine,c,0,,No existe en bigg ,,
cpd15701[c],cpd15701_c,C37H72O5,"1,2-Diisoheptadecanoyl-sn-glycerol",c,0,12diisgly,,,
cpd15702[c],cpd15702_c,C37H72O5,"1,2-Dianteisoheptadecanoyl-sn-glycerol",c,0,,No existe en bigg ,,
cpd15703[c],cpd15703_c,C31H60O5,"1,2-Diisotetradecanoyl-sn-glycerol",c,0,,No existe en bigg ,,
cpd15704[c],cpd15704_c,C33H64O5,"1,2-Diisopentadecanoyl-sn-glycerol",c,0,12diisgly,,,
cpd15705[c],cpd15705_c,C33H64O5,"1,2-Dianteisopentadecanoyl-sn-glycerol",c,0,,No existe en bigg ,,
cpd15706[c],cpd15706_c,C35H68O5,"1,2-Diisohexadecanoyl-sn-glycerol",c,0,,No existe en bigg ,,
cpd15728[c],cpd15728_c,C47H88O15,"Diglucosyl-1,2dipalmitoylglycerol",c,0,dgludpalmgl,,,
UDP[c],udp_c,C9H11N2O12P2,UDP,c,-2,udp,,,
cpd15707[c],cpd15707_c,C53H98O20,"Triglucosyl-1,2dipalmitoylglycerol",c,0,,No existe en bigg ,,
cpd15729[c],cpd15729_c,C43H80O15,"Diglucosyl-1,2dimyristoylglycerol",c,0,dglu12m,,,
cpd15708[c],cpd15708_c,C49H90O20,"Triglucosyl-1,2dimyristoylglycerol",c,0,,No existe en bigg ,,
cpd15730[c],cpd15730_c,C51H96O15,"Diglucosyl-1,2distearoylglycerol",c,0,digludstgl,,,
cpd15709[c],cpd15709_c,C57H106O20,"Triglucosyl-1,2distearoylglycerol",c,0,,No existe en bigg ,,
cpd15731[c],cpd15731_c,C49H92O15,"Diglucosyl-1,2diisoheptadecanoylglycerol",c,0,dglu12dig,,,
cpd15710[c],cpd15710_c,C55H102O20,"Triglucosyl-1,2diisoheptadecanoylglycerol",c,0,,No existe en bigg ,,
cpd15732[c],cpd15732_c,C49H92O15,"Diglucosyl-1,2dianteisoheptadecanoylglycerol",c,0,,No existe en bigg ,,
cpd15711[c],cpd15711_c,C55H102O20,"Triglucosyl-1,2dianteisoheptadecanoylglycerol",c,0,,No existe en bigg ,,
cpd15733[c],cpd15733_c,C43H80O15,"Diglucosyl-1,2diisotetradecanoylglycerol",c,0,,No existe en bigg ,,
cpd15712[c],cpd15712_c,C49H90O20,"Triglucosyl-1,2diisotetradecanoylglycerol",c,0,,No existe en bigg ,,
cpd15734[c],cpd15734_c,C45H84O15,"Diglucosyl-1,2diisopentadecanoylglycerol",c,0,,No existe en bigg ,,
cpd15713[c],cpd15713_c,C51H94O20,"Triglucosyl-1,2diisopentadecanoylglycerol",c,0,,No existe en bigg ,,
cpd15735[c],cpd15735_c,C45H84O15,"Diglucosyl-1,2dianteisopentadecanoylglycerol",c,0,,No existe en bigg ,,
cpd15714[c],cpd15714_c,C51H94O20,"Triglucosyl-1,2dianteisopentadecanoylglycerol",c,0,,No existe en bigg ,,
cpd15736[c],cpd15736_c,C47H88O15,"Diglucosyl-1,2diisohexadecanoylglycerol",c,0,,No existe en bigg ,,
cpd15715[c],cpd15715_c,C53H98O20,"Triglucosyl-1,2diisohexadecanoylglycerol",c,0,,No existe en bigg ,,
cpd15716[c],cpd15716_c,C40H78O13P2,Diisoheptadecanoylphosphatidylglycerophosphate,c,-2,,No existe en bigg ,,
cpd15717[c],cpd15717_c,C40H78O13P2,Dianteisoheptadecanoylphosphatidylglycerophosphate,c,-2,,No existe en bigg ,,
cpd15718[c],cpd15718_c,C34H66O13P2,Diisotetradecanoylphosphatidylglycerophosphate,c,-2,,No existe en bigg ,,
cpd15719[c],cpd15719_c,C36H70O13P2,Diisopentadecanoylphosphatidylglycerophosphate,c,-2,,No existe en bigg ,,
cpd15720[c],cpd15720_c,C36H70O13P2,Dianteisopentadecanoylphosphatidylglycerophosphate,c,-2,,No existe en bigg ,,
cpd15721[c],cpd15721_c,C38H74O13P2,Diisohexadecanoylphosphatidylglycerophosphate,c,-2,,No existe en bigg ,,
cpd15722[c],cpd15722_c,C40H78O10P,Diisoheptadecanoylphosphatidylglycerol,c,-1,,No existe en bigg ,,
cpd15723[c],cpd15723_c,C40H78O10P,Dianteisoheptadecanoylphosphatidylglycerol,c,-1,,No existe en bigg ,,
cpd15724[c],cpd15724_c,C34H66O10P,Diisotetradecanoylphosphatidylglycerol,c,-1,diitpgly,,,
cpd15725[c],cpd15725_c,C36H70O10P,Diisopentadecanoylphosphatidylglycerol,c,-1,diipdpgly,,,
cpd15726[c],cpd15726_c,C36H70O10P,Dianteisopentadecanoylphosphatidylglycerol,c,-1,,No existe en bigg ,,
cpd15727[c],cpd15727_c,C38H74O10P,Diisohexadecanoylphosphatidylglycerol,c,-1,diihexpglyc,,,
cpd15309[c],cpd15309_c,C35H68O5,"1,2-Diacyl-sn-glyceroldihexadecanoyl|1,2-Diacyl-sn-glycerol(dihexadecanoyl,n-C16:0)",c,0,12dgr160,,,
cpd15737[c],cpd15737_c,C41H78O10,"Monoglucosyl-1,2dipalmitoylglycerol",c,0,mglucsyldpalmgl,,,
cpd15307[c],cpd15307_c,C31H60O5,"1,2-Diacyl-sn-glycerolditetradecanoyl",c,0,dgdi12tetdec,,,
cpd15738[c],cpd15738_c,C37H70O10,"Monoglucosyl-1,2dimyristoylglycerol",c,0,mglucsyldmygl,,,
cpd15311[c],cpd15311_c,C39H76O5,"1,2-Diacyl-sn-glyceroldioctadecanoyl",c,0,12dgr180,,,
cpd15739[c],cpd15739_c,C45H86O10,"Monoglucosyl-1,2distearoylglycerol",c,0,mglucsyldstgl,,,
cpd15740[c],cpd15740_c,C43H82O10,"Monoglucosyl-1,2diisoheptadecanoylglycerol",c,0,,No existe en bigg ,,
cpd15741[c],cpd15741_c,C43H82O10,"Monoglucosyl-1,2dianteisoheptadecanoylglycerol",c,0,,No existe en bigg ,,
cpd15742[c],cpd15742_c,C37H70O10,"Monoglucosyl-1,2diisotetradecanoylglycerol",c,0,,No existe en bigg ,,
cpd15743[c],cpd15743_c,C39H74O10,"Monoglucosyl-1,2diisopentadecanoylglycerol",c,0,,No existe en bigg ,,
cpd15744[c],cpd15744_c,C39H74O10,"Monoglucosyl-1,2dianteisopentadecanoylglycerol",c,0,,No existe en bigg ,,
cpd15745[c],cpd15745_c,C41H78O10,"Monoglucosyl-1,2diisohexadecanoylglycerol",c,0,,No existe en bigg ,,
cpd15538[c],cpd15538_c,C38H74O10P,"Phosphatidylglyceroldihexadecanoyl|Phosphatidylglycerol(dihexadecanoyl,n-C16:0)",c,-1,pg160,,,
cpd15782[c],cpd15782_c,C44H88N2O11P,Palmitoyllysylphophatidylglycerol,c,1,palmphgl,,,
cpd15536[c],cpd15536_c,C34H66O10P,Phosphatidylglycerolditetradecanoyl,c,-1,pg140,,,
cpd15783[c],cpd15783_c,C40H80N2O11P,Myristoyllysylphophatidylglycerol,c,1,myrphgl,,,
cpd15540[c],cpd15540_c,C42H82O10P,Phosphatidylglyceroldioctadecanoyl,c,-1,pg180,,,
cpd15784[c],cpd15784_c,C48H96N2O11P,Stearoyllysylphophatidylglycerol,c,1,strphglc,,,
cpd15785[c],cpd15785_c,C46H92N2O11P,Isoheptadecanoyllysylphophatidylglycerol,c,1,,No existe en bigg ,,
cpd15786[c],cpd15786_c,C46H92N2O11P,Anteisoheptadecanoyllysylphophatidylglycerol,c,1,,No existe en bigg ,,
cpd15787[c],cpd15787_c,C40H80N2O11P,Isotetradecanoyllysylphophatidylglycerol,c,1,,No existe en bigg ,,
cpd15788[c],cpd15788_c,C42H84N2O11P,Isopentadecanoyllysylphophatidylglycerol,c,1,,No existe en bigg ,,
cpd15789[c],cpd15789_c,C42H84N2O11P,Anteisopentadecanoyllysylphophatidylglycerol,c,1,,No existe en bigg ,,
cpd15790[c],cpd15790_c,C44H88N2O11P,Isohexadecanoyllysylphophatidylglycerol,c,1,,No existe en bigg ,,
cpd15791[c],cpd15791_c,C73H140O17P2,Palmitoylcardiolipin(B.megaterium),c,-2,palmcdlpn,,,
cpd15792[c],cpd15792_c,C65H124O17P2,Myristoylcardiolipin(B.megaterium),c,-2,mycdlpn,,,
cpd15793[c],cpd15793_c,C81H156O17P2,Stearoylcardiolipin(B.megaterium),c,-2,strcdlpn,,,
cpd15794[c],cpd15794_c,C77H148O17P2,Isoheptadecanoylcardiolipin(B.megaterium),c,-2,isohdcard,,,
cpd15795[c],cpd15795_c,C77H148O17P2,Anteisoheptadecanoylcardiolipin(B.megaterium),c,-2,antcard,,,
cpd15797[c],cpd15797_c,C69H132O17P2,Isopentadecanoylcardiolipin(B.megaterium),c,-2,isopcard,,,
cpd15798[c],cpd15798_c,C69H132O17P2,Anteisopentadecanoylcardiolipin(B.megaterium),c,-2,,No existe en bigg ,,
cpd15799[c],cpd15799_c,C73H140O17P2,Isohexadecanoylcardiolipin(B.megaterium),c,-2,isohdcard,,,
cpd15423[c],cpd15423_c,C40H71N3O15P2,"CDP-1,2-ditetradecanoylglycerol",c,-2,cdpdtetdecglc,,,
cpd15419[c],cpd15419_c,C44H79N3O15P2,"CDP-1,2-dihexadecanoylglycerol",c,-2,cdpdhexdecglc,,,
cpd15421[c],cpd15421_c,C48H87N3O15P2,"CDP-1,2-dioctadecanoylglycerol",c,-2,cdpdodecg,,,
cpd15543[c],cpd15543_c,C34H66O13P2,Phosphatidylglycerophosphateditetradecanoyl,c,-2,pgpditetdec,,,
cpd15545[c],cpd15545_c,C38H74O13P2,"Phosphatidylglycerophosphatedihexadecanoyl|Phosphatidylglycerophosphate(dihexadecanoyl,n-C16:0)",c,-2,pgp160,,,
cpd15547[c],cpd15547_c,C42H82O13P2,Phosphatidylglycerophosphatedioctadecanoyl,c,-2,pgp180,,,
cpd15553[c],cpd15553_c,C34H64NO10P,phosphatidylserineditetradecanoyl,c,-2,ps140,,,
cpd15529[c],cpd15529_c,C33H66NO8P,phosphatidylethanolamineditetradecanoyl,c,0,pe140,,,
cpd15555[c],cpd15555_c,C38H72NO10P,"phosphatidylserinedihexadecanoyl|phosphatidylserine(dihexadecanoyl,n-C16:0)",c,-2,ps160,,,
cpd15531[c],cpd15531_c,C37H74NO8P,"phosphatidylethanolaminedihexadecanoyl|phosphatidylethanolamine(dihexadecanoyl,n-C16:0)",c,0,pe160,,,
cpd15557[c],cpd15557_c,C42H80NO10P,"phosphatidylserinedioctadecanoyl|phosphatidylserine(dioctadecanoyl,n-C18:0)",c,-2,ps180,,,
cpd15533[c],cpd15533_c,C41H82NO8P,"phosphatidylethanolaminedioctadecanoyl|phosphatidylethanolamine(dioctadecanoyl,n-C18:0)",c,0,pe180,,,
GLYCEROCHO[c],glycerocho_c,C8H20NO6P,sn-glycero-3-Phosphocholine,c,0,g3pc,,,
CHO[c],cho_c,C5H14NO,Choline,c,1,chol,,,
GLYCEROPE[c],glycerope_c,C5H14NO6P,sn-Glycero-3-phosphoethanolamine,c,0,g3pe,,,
ETHAM[c],etham_c,C2H8NO,Ethanolamine,c,1,etha,,,
APOACP[c],apoacp_c,RHO,apoprotein_acylcarrierprotein,c,0,apoACP,,,
4PPNTE[c],4ppnte_c,C11H21N2O7PS,Pantetheine4-phosphate,c,-2,pan4p,,,
AIR[c],air_c,C8H13N3O7P,Aminoimidazoleribotide,c,-1,air,,,
AHM[c],ahm_c,C6H9N3O,4-Amino-5-hydroxymethyl-2-methylpyrimidine,c,0,4ahmmp,,,
AHMP[c],ahmp_c,C6H8N3O4P,4-Amino-2-methyl-5-phosphomethylpyrimidine,c,-2,4a2mpmpmd,,,
2MAHMP[c],2mahmp_c,C6H8N3O7P2,2-Methyl-4-amino-5-hydroxymethylpyrimidinediphosphate,c,-3,2mahmp,,,
IMGLY[c],imgly_c,C2H2NO2,Iminoglycine,c,-1,imgly,,,
THZ[c],thz_c,C6H9NOS,5-(2-Hydroxyethyl)-4-methylthiazole,c,0,4mhetz,,,
THZP[c],thzp_c,C6H8NO4PS,4-Methyl-5-(2-phosphoethyl)-thiazole,c,-2,4mpetz,,,
THMP[c],thmp_c,C12H16N4O4PS,Thiaminmonophosphate,c,-1,thmmp,,,
C20247[c],c20247_c,C7H10NO6PS,2-(2-Carboxy-4-methylthiazol-5-yl)ethylphosphate ,c,0,2c4mthzep,,,
THME[c],thme_c,C12H17N4OS,Thiamine,c,1,thm,,,
THTP[c],thtp_c,C12H16N4O10P3S,Thiamintriphosphate,c,-3,thmtp,,,
D6RP5P[c],d6rp5p_c,C9H14N5O8P,"2,5-Diamino-6-(5-phospho-D-ribosylamino)pyrimidin-4(3H)-one",c,-2,25drapp,,,
A6RP5P[c],a6rp5p_c,C9H13N4O9P,5-Amino-6-(5-phosphoribosylamino)uracil,c,-2,5apru,,,
A6RP5P2[c],a6rp5p2_c,C9H15N4O9P,5-Amino-6-(5-phosphoribitylamino)uracil,c,-2,5aprbu,,,
4R5AU[c],4r5au_c,C9H16N4O6,"4-(1-D-Ribitylamino)-5-amino-2,6-dihydroxypyrimidine",c,0,4r5au,,,
DB4P[c],db4p_c,C4H7O6P,"3,4-Dihydroxy-2-butanone4-phosphate",c,-2,db4p,,,
D8RL[c],d8rl_c,C13H17N4O6,"6,7-Dimethyl-8-(D-ribityl)lumazine",c,-1,dmlz,,,
RIBFLAV[c],ribflav_c,C17H20N4O6,Riboflavin,c,0,ribflv,,,
FMN[c],fmn_c,C17H19N4O9P,FMN,c,-2,fmn,,,
FMNH2[c],fmnh2_c,C17H21N4O9P,FMNH2,c,-2,fmnh2,,,
DIMBEN[c],dimben_c,C9H10N2,Dimethylbenzimidazole,c,0,dmbzid,,,
IMASP[c],imasp_c,C4H3NO4,Iminoaspartate,c,-2,iasp,,,
PYR2CAR[c],pyr2car_c,C7H3NO4,"Pyridine-2,3-dicarboxylate",c,-2,quln,,,
NAMN[c],namn_c,C11H12NO9P,NicotinateD-ribonucleotide,c,-2,nicrnt,,,
DNAD[c],dnad_c,C21H24N6O15P2,Deamino-NAD+,c,-2,dnad,,,
NMN[c],nmn_c,C11H14N2O8P,NicotinamideD-ribonucleotide,c,-1,nmn,,,
NAMD[c],namd_c,C11H15N2O5,N-Ribosylnicotinamide,c,1,rnam,,,
NICD[c],nicd_c,C6H6N2O,Nicotinamide,c,0,ncam,,,
NICA[c],nica_c,C6H4NO2,Nicotinate,c,-1,nac,,,
AKP[c],akp_c,C6H9O4,2-Dehydropantoate,c,-1,2dhp,,,
PANT[c],pant_c,C6H11O4,(R)-Pantoate,c,-1,pant__R,,,
PNTO[c],pnto_c,C9H16NO5,Pantothenate,c,-1,pnto__R,,,
4PPNTO[c],4ppnto_c,C9H15NO8P,D-4-Phosphopantothenate,c,-3,4ppan,,,
4PPNCYS[c],4ppncys_c,C12H20N2O9PS,(R)-4-Phosphopantothenoyl-L-cysteine,c,-3,4ppcys,,,
PTT[c],ptt_c,C11H22N2O4S,Pantetheine,c,0,ptth,,,
DPCOA[c],dpcoa_c,C21H33N7O13P2S,Dephospho-CoA,c,-2,dpcoa,,,
MMEACP[c],mmeacp_c,C15H25N2O10PRS,Malonyl-_acyl-carrierproteinmethylester,c,-1,malmeACP,,,
C20372[c],c20372_c,C6H7O4SR,3-Ketoglutaryl-_acpmethylester ,c,0,skgmeACP,,,
GMEACP[c],gmeacp_c,C17H29N2O10PRS,Glutaryl-_acyl-carrierproteinmethylester,c,-1,gmeACP,,,
C20376[c],c20376_c,C8H11O4SR,3-Ketopimeloyl-_acpmethylester ,c,0,skpmeACP,,,
C20373[c],c20373_c,C6H9O4SR,3-Hydroxyglutaryl-_acpmethylester ,c,0,3hgmeACP,,,
C20377[c],c20377_c,C8H13O4SR,3-Hydroxypimeloyl-_acpmethylester ,c,0,hpmeACP,,,
C20374[c],c20374_c,C6H7O3SR,Enoylglutaryl-_acpmethylester ,c,0,egmeACP,,,
C20378[c],c20378_c,C8H11O3SR,Enoylpimeloyl-_acpmethylester ,c,0,epmeACP,,,
PMEACP[c],pmeacp_c,C19H33N2O10PRS,Pimeloyl-_acyl-carrierproteinmethylester,c,-1,pmeACP,,,
PIMACP[c],pimacp_c,C18H31N2O10PRS,Pimeloyl-_acyl-carrierprotein,c,-1,pimACP,,,
METHOL[c],methol_c,CH4O,methanol,c,0,meoh,,,
AONA[c],aona_c,C9H17NO3,8-Amino-7-oxononanoate,c,0,8aonn,,,
PMCOA[c],pmcoa_c,C28H41N7O19P3S,Pimeloyl-CoA,c,-5,pmcoa,,,
AMOB[c],amob_c,C15H19N5O6S,S-Adenosyl-4-methylthio-2-oxobutanoate,c,0,amob,,,
DANNA[c],danna_c,C9H21N2O2,"7,8-Diaminononanoate",c,1,dann,,,
DTB[c],dtb_c,C10H17N2O3,Dethiobiotin,c,-1,dtbt,,,
S[c],s_c,S,Sulfur,c,0,s,,,
BT[c],bt_c,C10H15N2O3S,Biotin,c,-1,btn,,,
DAD5[c],dad5_c,C10H13N5O3,5-Deoxyadenosine,c,0,dad_5,,,
C80ACP[c],c80acp_c,C19H35N2O8PRS,octanoyl-_acyl-carrierprotein,c,-1,octacp,,,
SULDO[c],suldo_c,S,Sulfurdonor,c,-2,,??? Qué coño es esto,,
LPACP[c],lpacp_c,C8H13OS3R,Lipoyl-_acp,c,0,lipACP,,,
FPYNTP[c],fpyntp_c,C10H15N5O15P3,Formamidopyrimidinenucleosidetriphosphate,c,-3,fapnt,,,
DIANTP[c],diantp_c,C9H14N5O14P3,"2,5-Diaminopyrimidinenucleosidetriphosphate",c,-4,HC01652,,,
DIATRPAO[c],diatrpao_c,C9H14N5O14P3,"2,5-Diamino-6-(5-triphosphoryl-3,4-trihydroxy-2-oxopentyl)-amino-4-oxopyrimidine",c,-4,dattoo,,,
AHDT[c],ahdt_c,C9H12N5O13P3,"2-Amino-4-hydroxy-6-(erythro-1,2,3-trihydroxypropyl)dihydropteridinetriphosphate",c,-4,ahdt,,,
PYRTETR[c],pyrtetr_c,C9H11N5O3,6-Pyruvoyltetrahydropterin,c,0,6pthp,,,
DHP[c],dhp_c,C9H13N5O4,"7,8-Dihydroneopterin",c,0,HC01361,,,
AHHMP[c],ahhmp_c,C7H9N5O2,"2-Amino-4-hydroxy-6-hydroxymethyl-7,8-dihydropteridine",c,0,2ahhmp,,,
AHHMD[c],ahhmd_c,C7H8N5O8P2,"2-Amino-7,8-dihydro-4-hydroxy-6-(diphosphooxymethyl)pteridine",c,-3,2ahhmd,,,
ADCHOR[c],adchor_c,C10H10NO5,4-Amino-4-deoxychorismate,c,-1,4adcho,,,
PABA[c],paba_c,C7H6NO2,4-Aminobenzoate,c,-1,4abz,,,
DHPT[c],dhpt_c,C14H13N6O3,Dihydropteroate,c,-1,dhpt,,,
DHF[c],dhf_c,C19H19N7O6,Dihydrofolate,c,-2,dhf,,,
FOL[c],fol_c,C19H17N7O6,Folate,c,-2,fol,,,
THFGLU[c],thfglu_c,C24H30N8O9,Tetrahydrofolyl-_Glu(2),c,0,thfglu,,,
THFGLU3[c],thfglu3_c,C29H37N9O12,Tetrahydrofolyl-_Glu(3),c,0,,No existe en bigg ,,
GAR[c],gar_c,C7H14N2O8P,5-Phosphoribosylglycinamide,c,-1,gar,,,
METHF[c],methf_c,C20H20N7O6,"5,10-Methenyltetrahydrofolate",c,-1,methf,,,
FGAR[c],fgar_c,C8H13N2O9P,5-Phosphoribosyl-N-formylglycinamide,c,-2,fgam,,,
5FTHF[c],5fthf_c,C20H21N7O7,5-Formyltetrahydrofolate,c,-2,5fothf,,,
MTHF[c],mthf_c,C20H23N7O6,5-Methyltetrahydrofolate,c,-2,5mthf,,,
DUMP[c],dump_c,C9H11N2O8P,dUMP,c,-2,dump,,,
DTMP[c],dtmp_c,C10H13N2O8P,dTMP,c,-2,dtmp,,,
FTHF[c],fthf_c,C20H21N7O7,10-Formyltetrahydrofolate,c,-2,10fthf,,,
ETRNA[c],etrna_c,C20H29N5O16P2R2,tRNA(Glu),c,0,trnaglu,,,
LGLUTRNA[c],lglutrna_c,C25H36N6O19P2R2,L-Glutamyl-tRNA(Glu),c,0,glutrna,,,
S4AMOXOPE[c],s4amoxope_c,C5H9NO3,(S)-4-Amino-5-oxopentanoate,c,0,5aop,,,
AMIEVUL[c],amievul_c,C5H9NO3,5-Aminolevulinate,c,0,5aop,,,
PPBG[c],ppbg_c,C10H13N2O4,Porphobilinogen,c,-1,ppbng,,,
HMTB[c],hmtb_c,C40H38N4O17,Hydroxymethylbilane,c,-8,hmbil,,,
UDPGI[c],udpgi_c,C40H44N4O16,uroporphyrinogenI,c,0,uppg1,,,
CPGI[c],cpgi_c,C36H40N4O8,coproporphyrinogenI,c,-4,cpppg1,,,
UPGIII[c],upgiii_c,C40H36N4O16,UroporphyrinogenIII,c,-8,uppg3,,,
CPGIII[c],cpgiii_c,C36H40N4O8,CoproporphyrinogenIII,c,-4,cpppg3,,,
PPGIX[c],ppgix_c,C34H38N4O4,ProtoporphyrinogenIX,c,-2,pppg9,,,
PPRIX[c],pprix_c,C34H32N4O4,Protoporphyrin,c,-2,ppp9,,,
FE2[c],fe2_c,Fe,Fe2+,c,2,fe2,,,
FE3[c],fe3_c,Fe,Fe3+,c,3,fe3,,,
HEME[c],heme_c,C34H30FeN4O4,Heme,c,-2,pheme,,,
C05770[c],c05770_c,C36H38N4O8,CoproporphyrinIII ,c,0,C05770,,,
C21284[c],c21284_c,C36H36FeN4O8,Fe-coproporphyrinIII ,c,0,fecpp3,,,
FRDP[c],frdp_c,C15H25O7P2,"trans,trans-Farnesyldiphosphate",c,-3,frdp,,,
HEMEO[c],hemeo_c,C49H56FeN4O5,HemeO,c,-2,hemeO,,,
HEMEA[c],hemea_c,C49H54FeN4O6,HemeA,c,-2,hemeA,,,
PRE2[c],pre2_c,C42H41N4O16,Precorrin2,c,-7,dscl,,,
SHCR[c],shcr_c,C42H38N4O16,sirohydrochlorin,c,-8,scl,,,
COBALT2[c],cobalt2_c,Co,Co2+,c,2,cobalt2,,,
COSIR[c],cosir_c,C42H36CoN4O16,Cobalt-sirohydrochlorin,c,-8,cbshclin,,,
COBFIII[c],cobfiii_c,C43H38CoN4O16,Cobalt-factorIII,c,-8,cbflll,,,
COPR3[c],copr3_c,C43H41CoN4O16,Cobalt-precorrin3,c,-7,copre3,,,
COPR4[c],copr4_c,C44H45CoN4O16,Cobalt-precorrin4,c,-5,copre4,,,
COPR5A[c],copr5a_c,C45H45CoN4O16,Cobalt-precorrin5A,c,-7,codscl5a,,,
COPR5B[c],copr5b_c,C43H43CoN4O16,Cobalt-precorrin5B,c,-7,codscl5b,,,
COPR6[c],copr6_c,C44H45CoN4O16,Cobalt-precorrin6,c,-7,copre6,,,
COHYP6[c],cohyp6_c,C44H47CoN4O16,Cobalt-dihydro-precorrin6,c,-7,codhpre6,,,
COPR7[c],copr7_c,C45H49CoN4O16,Cobalt-precorrin7,c,-7,codscl7,,,
COPR8[c],copr8_c,C45H52CoN4O14,Cobalt-precorrin8,c,-6,copre8,,,
COBY[c],coby_c,C45H52CoN4O14,Cobyrinate,c,-6,cobya,,,
COB2DIDE[c],cob2dide_c,C45H56CoN6O12,"Cob(II)yrinatea,cdiamide",c,-4,co2dam,,,
PRE3A[c],pre3a_c,C43H43N4O16,precorrin3A,c,-7,pre3a,,,
PRE3B[c],pre3b_c,C43H43N4O17,Precorrin3B,c,-7,pre3b,,,
PRE4[c],pre4_c,C44H44N4O17,Precorrin4,c,-8,pre4,,,
PRE5[c],pre5_c,C45H46N4O17,precorrin5,c,-8,pre5,,,
PRE6X[c],pre6x_c,C44H46N4O16,Precorrin6X,c,-8,pre6a,,,
PRE6Y[c],pre6y_c,C44H49N4O16,Precorrin6Y,c,-7,pre6b,,,
PRE8X[c],pre8x_c,C45H53N4O14,Precorrin8X,c,-7,hgbyr,,,
HYBY[c],hyby_c,C45H54N4O14,Hydrogenobyrinate,c,-6,hgbyr,,,
HYBYDA[c],hybyda_c,C45H58N6O12,"Hydrogenobyrinatea,cdiamide",c,-4,hgbam,,,
COB1DIDE[c],cob1dide_c,C45H57CoN6O12,"Cob(I)yrinatea,cdiamide",c,-4,co1dam,,,
ADCODIE[c],adcodie_c,C55H68CoN11O15,"Adenosylcobyrinatea,cdiamide",c,-4,adcobdam,,,
ADCOHEX[c],adcohex_c,C55H76CoN15O11,Adenosylcobyrinatehexaamide,c,0,adcobn,,,
RAMOL[c],ramol_c,C3H10NO,(R)-1-aminopropan-2-ol,c,1,app,,,
ADOCBI[c],adocbi_c,C58H84CoN16O11,Adenosylcobinamide,c,1,adocbi,,,
CBI[c],cbi_c,C48H72N11O8Co,cobinamide,c,-1,cbi,,,
ADOCBIP[c],adocbip_c,C58H83CoN16O14P,Adenosylcobinamidephosphate,c,-1,acap,,,
GDP[c],gdp_c,C10H12N5O11P2,GDP,c,-3,gdp,,,
AGDPCBI[c],agdpcbi_c,C68H95CoN21O21P2,adenosine-GDP-cobinamide,c,-1,agdpcbi,,,
THR3P[c],thr3p_c,C4H8NO6P,L-ThreonineO-3-phosphate,c,-2,thrp,,,
AMIP[c],amip_c,C3H9NO4P,D-1-Aminopropan-2-olO-phosphate,c,-1,applp,,,
RI5P[c],ri5p_c,C14H17N2O7P,alpha-ribazole5-phosphate,c,-2,5prdmbz,,,
RIBAZ[c],ribaz_c,C14H18N2O4,alpha-Ribazole,c,0,rdmbzi,,,
COBCE[c],cobce_c,C72H100CoN18O17P,Cobamidecoenzyme,c,0,adocbl,,,
GMP[c],gmp_c,C10H12N5O8P,GMP,c,-2,gmp,,,
ICHOR[c],ichor_c,C10H8O6,Isochorismate,c,-2,ichor,,,
SUCCYCA[c],succyca_c,C14H13O9,2-Succinyl-5-enolpyruvyl-6-hydroxy-3-cyclohexene-1-carboxylate,c,-3,sephcpc,,,
SHCHC[c],shchc_c,C11H10O6,"(1R,6R)-6-Hydroxy-2-succinylcyclohexa-2,4-diene-1-carboxylate",c,-2,2shchc,,,
SUCBEN[c],sucben_c,C11H8O5,2-Succinylbenzoate,c,-2,sucbz,,,
SUCBENCO[c],sucbenco_c,C32H39N7O20P3S,2-Succinylbenzoyl-CoA,c,-5,sbzcoa,,,
DHNTCOA[c],dhntcoa_c,C32H38N7O19P3S,"1,4-Dihydroxy-2-naphthoyl-CoA",c,-4,dhncoa,,,
DHN[c],dhn_c,C11H7O4,"1,4-Dihydroxy-2-naphthoate",c,-1,dhna,,,
OPP[c],opp_c,C40H65O7P2,all-trans-Octaprenyldiphosphate,c,-3,octdp,,,
DMKH[c],dmkh_c,C50H72O2,2-demethylmenaquinol-8,c,0,2dmmql8,,,
PHYDP[c],phydp_c,C20H39O7P2,Phytyldiphosphate,c,-3,phdp,,,
2P14NQ[c],2p14nq_c,C30H44O2,"2-Phytyl-1,4-naphthoquinone",c,0,dmtphllqne,,,
PQ[c],pq_c,C31H46O2,Phylloquinone,c,0,phllqne,,,
SIHM[c],sihm_c,C42H36FeN4O16,Siroheme,c,-8,sheme,,,
NAR[c],nar_c,C11H13NO6,NicotinateD-ribonucleoside,c,0,nicrns,,,
PDXL5PI[c],pdxl5pi_c,C8H8NO6P,Pyridoxalphosphate,c,-2,pydx5p,,,
PDXAL[c],pdxal_c,C8H9NO3,pyridoxal,c,0,pydx,,,
PDXAM[c],pdxam_c,C8H13N2O2,pyridoxamine,c,1,pydam,,,
PDXAM5PI[c],pdxam5pi_c,C8H12N2O5P,pyridoxamine5-phosphate,c,-1,pyam5p,,,
PDXI[c],pdxi_c,C8H11NO3,pyridoxine,c,0,pydxn,,,
P5P[c],p5p_c,C8H10NO6P,pyridoxine5-phosphate,c,-2,pdx5p,,,
ADPR[c],adpr_c,C15H21N5O14P2,ADP-ribose,c,-2,adprib,,,
PRAM[c],pram_c,C5H11NO7P,5-Phosphoribosylamine,c,-1,pram,,,
FGAM[c],fgam_c,C8H15N3O8P,2-(Formamido)-N1-(5-phosphoribosyl)acetamidine,c,-1,fpram,,,
C15667[c],c15667_c,C9H14N3O9P,5-Carboxyamino-1-(5-phospho-D-ribosyl)imidazole ,c,0,5ca1rpi,,,
CAIR[c],cair_c,C9H11N3O9P,1-(5-Phospho-D-ribosyl)-5-amino-4-imidazolecarboxylate,c,-3,5aizc,,,
SAICAR[c],saicar_c,C13H15N4O12P,1-(5-Phosphoribosyl)-5-amino-4-(N-succinocarboxamide)-imidazole,c,-4,aicar,,,
AICAD[c],aicad_c,C4H6N4O,5-Amino-4-imidazolecarboxyamide,c,0,5a4icam,,,
PRFICA[c],prfica_c,C10H13N4O9P,1-(5-Phosphoribosyl)-5-formamido-4-imidazolecarboxamide,c,-2,fprica,,,
IMP[c],imp_c,C10H11N4O8P,IMP,c,-2,imp,,,
XMP[c],xmp_c,C10H11N4O9P,Xanthosine5-phosphate,c,-2,xmp,,,
HYXN[c],hyxn_c,C5H4N4O,Hypoxanthine,c,0,hxan,,,
INS[c],ins_c,C10H12N4O5,Inosine,c,0,ins,,,
XTSINE[c],xtsine_c,C10H12N4O6,Xanthosine,c,0,xtsn,,,
XAN[c],xan_c,C5H4N4O2,Xanthine,c,0,xan,,,
ASUC[c],asuc_c,C14H14N5O11P,"N6-(1,2-Dicarboxyethyl)-AMP",c,-4,dcamp,,,
DC[c],dc_c,C9H13N3O4,Deoxycytidine,c,0,dcyt,,,
DCMP[c],dcmp_c,C9H12N3O7P,dCMP,c,-2,dcmp,,,
ADN[c],adn_c,C10H13N5O4,Adenosine,c,0,adn,,,
C02354[c],c02354_c,C9H12N3O7P,"2',3'-CyclicCMP ",c,0,23ccmp,,,
C05822[c],c05822_c,C9H14N3O8P,3'-CMP ,c,0,cmp,,,
C02355[c],c02355_c,C9H11N2O8P,"2',3'-CyclicUMP ",c,0,23cump,,,
C01368[c],c01368_c,C9H13N2O9P,3'-UMP ,c,0,ump,,,
3AMP[c],3amp_c,C10H12N5O7P,3-AMP,c,-2,amp,,,
DA[c],da_c,C10H13N5O3,Deoxyadenosine,c,0,dad_2,,,
DIN[c],din_c,C10H12N4O4,Deoxyinosine,c,0,din,,,
DAMP[c],damp_c,C10H12N5O6P,dAMP,c,-2,damp,,,
DADP[c],dadp_c,C10H12N5O9P2,dADP,c,-3,dadp,,,
DATP[c],datp_c,C10H12N5O12P3,dATP,c,-4,datp,,,
IDP[c],idp_c,C10H11N4O11P2,IDP,c,-3,idp,,,
ITP[c],itp_c,C10H11N4O14P3,ITP,c,-4,itp,,,
DGMP[c],dgmp_c,C10H12N5O7P,dGMP,c,-2,dgmp,,,
DGDP[c],dgdp_c,C10H12N5O10P2,dGDP,c,-3,dgdp,,,
GN[c],gn_c,C5H5N5O,Guanine,c,0,gua,,,
GSN[c],gsn_c,C10H13N5O5,Guanosine,c,0,gsn,,,
DG[c],dg_c,C10H13N5O4,Deoxyguanosine,c,0,dgsn,,,
DGTP[c],dgtp_c,C10H12N5O13P3,dGTP,c,-4,dgtp,,,
pppGpp[c],pppgpp_c,C10H12N5O20P5,Guanosine3-diphosphate5-triphosphate,c,-6,gdptp,,,
ppGpp[c],ppgpp_c,C10H12N5O17P4,"Guanosine3,5-bis(diphosphate)",c,-5,ppgpp,,,
DIDP[c],didp_c,C10H11N4O10P2,dIDP,c,-3,didp,,,
DITP[c],ditp_c,C10H11N4O13P3,dITP,c,-4,ditp,,,
DIMP[c],dimp_c,C10H11N4O7P,2-Deoxyinosine5-phosphate,c,-2,dimp,,,
XTP[c],xtp_c,C10H11N4O15P3,XTP,c,-4,xtp,,,
23CGMP[c],23cgmp_c,C10H11N5O7P,"2,3-CyclicGMP",c,-1,23cgmp,,,
3GMP[c],3gmp_c,C10H12N5O8P,Guanosine3-phosphate,c,-2,3gmp,,,
23CGMP[e],23cgmp_e,C10H11N5O7P,"2,3-CyclicGMP",e,-1,23cgmp,,,
URI[c],uri_c,C9H12N2O6,Uridine,c,0,uri,,,
CYTD[c],cytd_c,C9H13N3O5,Cytidine,c,0,cytd,,,
URATE[c],urate_c,C5H4N4O3,Urate,c,0,urate,,,
ATT[c],att_c,C4H7N4O4,Allantoate,c,-1,alltt,,,
UGLYC[c],uglyc_c,C3H5N2O4,ureidoglycolate,c,-1,urdglyc,,,
HIUR[c],hiur_c,C5H4N4O4,5-Hydroxyisourate,c,0,5hiu,,,
HYURCAR[c],hyurcar_c,C5H5N4O5,"5-Hydroxy-2-oxo-4-ureido-2,5-dihydro-1H-imidazole-5-carboxylate",c,-1,5houdic,,,
ALLOIN[c],alloin_c,C4H5N4O3,Allantoin,c,-1,alltn__R,,,
UR[c],ur_c,C3H7N3O3,Ureidoglycine,c,0,urdgci,,,
C00802[c],c00802_c,C3H4N2O4,Oxalureate ,c,0,oxur,,,
CAASP[c],caasp_c,C5H6N2O5,N-Carbamoyl-L-aspartate,c,-2,cbasp,,,
DOROA[c],doroa_c,C5H5N2O4,(S)-Dihydroorotate,c,-1,dhor__S,,,
OROA[c],oroa_c,C5H3N2O4,Orotate,c,-1,orot,,,
OMP[c],omp_c,C10H10N2O11P,Orotidine5-phosphate,c,-3,orot5p,,,
UMP[c],ump_c,C9H11N2O9P,"UDP-N-acetylmuramoyl-L-alanyl-D-glutamyl-meso-2,6-diaminopimeloyl-D-alanyl-D-alanine",c,-1,ugmda,Tiene que estar la formual mal,,
URA[c],ura_c,C4H4N2O2,Uracil,c,0,ura,,,
DU[c],du_c,C9H12N2O5,Deoxyuridine,c,0,duri,,,
CDP[c],cdp_c,C9H12N3O11P2,CDP,c,-3,cdp,,,
DCDP[c],dcdp_c,C9H12N3O10P2,dCDP,c,-3,dcdp,,,
DCTP[c],dctp_c,C9H12N3O13P3,dCTP,c,-4,dctp,,,
DUDP[c],dudp_c,C9H11N2O11P2,dUDP,c,-3,dudp,,,
DUTP[c],dutp_c,C9H11N2O14P3,dUTP,c,-4,dutp,,,
DTDP[c],dtdp_c,C10H13N2O11P2,dTDP,c,-3,dtdp,,,
DT[c],dt_c,C10H14N2O5,Thymidine,c,0,thymd,,,
DTTP[c],dttp_c,C10H13N2O14P3,dTTP,c,-3,dttp,,,
THY[c],thy_c,C5H6N2O2,Thymine,c,0,thym,,,
56DTHM[c],56dthm_c,C5H8N2O2,dihydrothymine,c,0,56dthm,,,
DIHURA[c],dihura_c,C4H6N2O2,"5,6-Dihydrouracil",c,0,56dura,,,
CAALA[c],caala_c,C4H7N2O3,3-Ureidopropionate,c,-1,cala,,,
GLYASP[e],glyasp_e,C6H9N2O5,gly-asp-L,e,-1,gly_asp__L,,,
ALAASP[e],alaasp_e,C7H11N2O5,ala-L-asp-L,e,-1,ala_L_asp__L,,,
ALATHR[e],alathr_e,C7H14N2O4,ala-L-Thr-L,e,0,ala_L_Thr__L,,,
GLYPRO[e],glypro_e,C7H12N2O3,gly-pro-L,e,0,gly_pro__L,,,
GLYPRO[c],glypro_c,C7H12N2O3,gly-pro-L,c,0,gly_pro__L,,,
GLYASN[e],glyasn_e,C6H11N3O4,gly-asn-L,e,0,gly_asn__L,,,
GLYMET[e],glymet_e,C7H14N2O3S,Gly-Met,e,0,gly_met__L,,,
METALA[e],metala_e,C8H16N2O3S,met-L-ala-L,e,0,met_L_ala__L,,,
ALALEU[e],alaleu_e,C9H18N2O3,Ala-Leu,e,0,ala_L_leu__L,,,
GLYTYR[e],glytyr_e,C11H14N2O4,Gly-Tyr,e,0,gly_tyr__L,,,
GLYTYR[c],glytyr_c,C11H14N2O4,Gly-Tyr,c,0,gly_tyr__L,,,
CGLY[e],cgly_e,C5H10N2O3S,Gly-Cys,e,0,gly_cys__L,,,
GLYGLU[e],glyglu_e,C7H11N2O5,gly-glu-L,e,-1,gly_glu__L,,,
ALAGLU[e],alaglu_e,C8H13N2O5,ala-L-glu-L,e,-1,ala_L_glu__L,,,
GLYGLN[e],glygln_e,C7H13N3O4,Gly-Gln,e,0,gly_gln__L,,,
ALAGLN[e],alagln_e,C8H15N3O4,Ala-Gln,e,0,ala_L_gln__L,,,
ALAHIS[e],alahis_e,C9H14N4O3,Ala-His,e,0,ala_L_his__L,,,
ALAGLY[e],alagly_e,C5H10N2O3,L-alanylglycine,e,0,L_alagly,,,
GLYPHE[e],glyphe_e,C11H14N2O3,Gly-Phe,e,0,gly_phe__L,,,
GLYLEU[e],glyleu_e,C8H16N2O3,Gly-Leu,e,0,gly_leu__L,,,
TAUR[e],taur_e,C2H7NO3S,Taurine,e,0,taur,,,
MLT[e],mlt_e,C12H22O11,Maltose,e,0,malt,,,
GLC[e],glc_e,C6H12O6,D-Glucose,e,0,glc__D,,,
LARAB[e],larab_e,C5H10O5,L-Arabinose,e,0,arab__L,,,
LACTOSE[e],lactose_e,C12H22O11,Lactose,e,0,lcts,,,
SLF[e],slf_e,O4S,Sulfate,e,-2,so4,,,
GL3P[e],gl3p_e,C3H7O6P,sn-Glycerol3-phosphate,e,-2,sng3p,,,
RIB[e],rib_e,C5H10O5,D-Ribose,e,0,rib__D,,,
THJ[e],thj_e,HO3S2,Thiosulfate,e,-1,tsul,,,
GLYB[e],glyb_e,C5H11NO2,Glycinebetaine,e,0,glyb,,,
PRO[e],pro_e,C5H9NO2,L-Proline,e,0,pro__L,,,
CHO[e],cho_e,C5H14NO,Choline,e,1,chol,,,
DMET[e],dmet_e,C5H11NO2S,D-Methionine,e,0,met__D,,,
DMET[c],dmet_c,C5H11NO2S,D-Methionine,c,0,met__D,,,
ZN[e],zn_e,Zn,Zinc,e,2,zn2,,,
ZN[c],zn_c,Zn,Zinc,c,2,zn2,,,
FERCH[e],ferch_e,C27H45FeN9O12,Ferrichrome,e,0,fecrm,,,
FERCH[c],ferch_c,C27H45FeN9O12,Ferrichrome,c,0,fecrm,,,
NA[e],na_e,Na,Sodium,e,1,na1,,,
NA[c],na_c,Na,Sodium,c,1,na1,,,
METSA[e],metsa_e,CH3SO3,Methanesulfonicacid,e,-1,mso3,,,
METSA[c],metsa_c,CH3SO3,Methanesulfonicacid,c,-1,mso3,,,
BUTSUL[e],butsul_e,C4H8O3S,butanesulfonate,e,-1,butso3,,,
BUTSUL[c],butsul_c,C4H8O3S,butanesulfonate,c,-1,butso3,,,
HEXSUL[e],hexsul_e,C6H13O3S,hexanesulfonate,e,-1,hexs,,,
HEXSUL[c],hexsul_c,C6H13O3S,hexanesulfonate,c,-1,hexs,,,
ETSUL[e],etsul_e,C2H4O3S,ethanesulfonate,e,-1,ethso3,,,
ETSUL[c],etsul_c,C2H4O3S,ethanesulfonate,c,-1,ethso3,,,
SULA[e],sula_e,C2H2O5S,Sulfoacetate,e,-2,sulfac,,,
SULA[c],sula_c,C2H2O5S,Sulfoacetate,c,-2,sulfac,,,
SPRMD[e],sprmd_e,C7H22N3,Spermidine,e,3,spmd,,,
PTRSC[e],ptrsc_e,C4H14N2,Putrescine,e,2,ptrc,,,
CA[e],ca_e,Ca,Calcium,e,2,ca2,,,
CA[c],ca_c,Ca,Calcium,c,2,ca2,,,
COBALT2[e],cobalt2_e,Co,Co2+,e,2,cobalt2,,,
ACMUM[e],acmum_e,C11H18NO8,N-Acetylmuramate,e,-1,acmum,,,
FRU[e],fru_e,C6H12O6,D-Fructose,e,0,fru,,,
MNT[e],mnt_e,C6H14O6,Mannitol,e,0,mnl,,,
NAG[e],nag_e,C8H15NO6,N-Acetyl-D-glucosamine,e,0,acgam,,,
TRE[e],tre_e,C12H22O11,"alpha,alpha-Trehalose",e,0,tre,,,
LAC6P[c],lac6p_c,C12H21O14P,Lactose6-phosphate,c,-2,lac6p,,,
CO2[e],co2_e,CO2,CO2,e,0,co2,,,
H2O[e],h2o_e,H2O,H2O,e,0,h2o,,,
O2[e],o2_e,O2,O2,e,0,o2,,,
UREA[e],urea_e,CH4N2O,Urea,e,0,urea,,,
NH3[e],nh3_e,H4N,Ammonia,e,1,nh3,,,
CRO4[c],cro4_c,O4Cr,chromate,c,-2,cro4,,,
CRO4[e],cro4_e,O4Cr,chromate,e,-2,cro4,,,
K[e],k_e,K,Potassium,e,1,k,,,
K[c],k_c,K,Potassium,c,1,k,,,
MG[e],mg_e,Mg,Magnesium,e,2,mg2,,,
MG[c],mg_c,Mg,Magnesium,c,2,mg2,,,
FE2[e],fe2_e,Fe,Fe2+,e,2,fe2,,,
CD2[c],cd2_c,Cd2,Cadmium,c,2,cd2,,,
CD2[e],cd2_e,Cd2,Cadmium,e,2,cd2,,,
ASENI[e],aseni_e,H3AsO3,arsenite,e,0,aso3,,,
ASENI[c],aseni_c,H3AsO3,arsenite,c,0,aso3,,,
MN2[e],mn2_e,Mn,manganese,e,2,mn2,,,
MN2[c],mn2_c,Mn,manganese,c,2,mn2,,,
N2[e],n2_e,N2,nitrogen,e,0,n2,,,
PPI[e],ppi_e,HO7P2,Diphosphate,e,-3,ppi,,,
PI[e],pi_e,HO4P,Orthophosphate,e,-2,pi,,,
HNO2[e],hno2_e,NO2,Nitrite,e,-1,no2,,,
HNO3[e],hno3_e,NO3,Nitrate,e,-1,no3,,,
FOR[e],for_e,CHO2,Formate,e,-1,for,,,
LAC[e],lac_e,C3H5O3,L-Lactate,e,-1,lac__L,,,
ACTAC[e],actac_e,C4H5O3,Acetoacetate,e,-1,acac,,,
BUAC[e],buac_e,C4H7O2,Butanoicacid,e,-1,but,,,
AC[e],ac_e,C2H3O2,Acetate,e,-1,ac,,,
ACTN[e],actn_e,C4H8O2,(R)-Acetoin,e,0,R_actn,,,
BDOH[e],bdoh_e,C4H10O2,"(R,R)-2,3-Butanediol",e,0,btd_RR,,,
MELI[e],meli_e,C12H22O11,Melibiose,e,0,melib,,,
GL[e],gl_e,C3H8O3,Glycerol,e,0,glyc,,,
GAL[e],gal_e,C6H12O6,D-Galactose,e,0,gal,,,
MYOI[e],myoi_e,C6H12O6,myo-Inositol,e,0,inost,,,
XYL[e],xyl_e,C5H10O5,D-Xylose,e,0,xyl__D,,,
GLCNT[e],glcnt_e,C6H11O7,D-Gluconicacid,e,-1,glcn,,,
GLUCARATE[e],glucarate_e,C6H8O8,D-glucaricacid,e,-2,glcr,,,
GALUNT[e],galunt_e,C6H9O7,D-Galacturonate,e,-1,galur,,,
DGALAC[e],dgalac_e,C6H11O7,D-Galactonate,e,-1,galctn__D,,,
DGALAC[c],dgalac_c,C6H11O7,D-Galactonate,c,-1,galctn__D,,,
MAN[e],man_e,C6H12O6,D-Mannose,e,0,man,,,
ALLOIN[e],alloin_e,C4H5N4O3,Allantoin,e,-1,alltn__R,,,
CHOR[e],chor_e,C10H8O6,Chorismate,e,-2,chor,,,
FOL[e],fol_e,C19H17N7O6,Folate,e,-2,fol,,,
RGT[e],rgt_e,C10H16N3O6S,Glutathione,e,-1,gthrd,,,
CELLOB[e],cellob_e,C12H22O11,cellobiose,e,0,cellb,,,
GENTB[e],gentb_e,C12H22O11,gentiobiose,e,0,gbiose,,,
RAF[e],raf_e,C18H32O16,Raffinose,e,0,raffin,,,
GABA[e],gaba_e,C4H9NO2,4-Aminobutanoate,e,0,4abut,,,
3PG[e],3pg_e,C3H4O7P,3-Phospho-D-glycerate,e,-3,3pg,,,
PYR[e],pyr_e,C3H3O3,Pyruvate,e,-1,pyr,,,
CIT[e],cit_e,C6H5O7,Citrate,e,-3,cit,,,
MAL[e],mal_e,C4H4O5,(S)-Malate,e,-2,mal__D,,,
SUCC[e],succ_e,C4H4O4,Succinate,e,-2,succ,,,
FUM[e],fum_e,C4H2O4,Fumarate,e,-2,fum,,,
OA[e],oa_e,C4H2O5,Oxaloacetate,e,-2,oaa,,,
AKG[e],akg_e,C5H4O5,2-Oxoglutarate,e,-2,akg,,,
GLY[e],gly_e,C2H5NO2,Glycine,e,0,gly,,,
ALA[e],ala_e,C3H7NO2,L-Alanine,e,0,ala__L,,,
DALA[e],dala_e,C3H7NO2,D-Alanine,e,0,ala__D,,,
LYS[e],lys_e,C6H15N2O2,L-Lysine,e,1,lys__L,,,
ASP[e],asp_e,C4H6NO4,L-Aspartate,e,-1,asp__L,,,
DSER[e],dser_e,C3H7NO3,D-Serine,e,0,ser__D,,,
GLU[e],glu_e,C5H8NO4,L-Glutamate,e,-1,glu__L,,,
GLN[e],gln_e,C5H10N2O3,L-Glutamine,e,0,gln__L,,,
CYS[e],cys_e,C3H7NO2S,L-Cysteine,e,0,cys__L,,,
HIS[e],his_e,C6H9N3O2,L-Histidine,e,0,his__L,,,
ASN[e],asn_e,C4H8N2O3,L-Asparagine,e,0,asn__L,,,
ARG[e],arg_e,C6H15N4O2,L-Arginine,e,1,arg__L,,,
ORN[e],orn_e,C5H13N2O2,L-Ornithine,e,1,orn,,,
ILE[e],ile_e,C6H13NO2,L-Isoleucine,e,0,ile__L,,,
LEU[e],leu_e,C6H13NO2,L-Leucine,e,0,leu__L,,,
VAL[e],val_e,C5H11NO2,L-Valine,e,0,val__L,,,
THR[e],thr_e,C4H9NO3,L-Threonine,e,0,thr__L,,,
SER[e],ser_e,C3H7NO3,L-Serine,e,0,ser__L,,,
PHE[e],phe_e,C9H11NO2,L-Phenylalanine,e,0,phe__L,,,
TYR[e],tyr_e,C9H11NO3,L-Tyrosine,e,0,tyr__L,,,
TRP[e],trp_e,C11H12N2O2,L-Tryptophan,e,0,trp__L,,,
URA[e],ura_e,C4H4N2O2,Uracil,e,0,ura,,,
DA[e],da_e,C10H13N5O3,Deoxyadenosine,e,0,dad_2,,,
XAN[e],xan_e,C5H4N4O2,Xanthine,e,0,xan,,,
CYTD[e],cytd_e,C9H13N3O5,Cytidine,e,0,cytd,,,
URI[e],uri_e,C9H12N2O6,Uridine,e,0,uri,,,
DU[e],du_e,C9H12N2O5,Deoxyuridine,e,0,duri,,,
DIN[e],din_e,C10H12N4O4,Deoxyinosine,e,0,din,,,
DT[e],dt_e,C10H14N2O5,Thymidine,e,0,thymd,,,
ADN[e],adn_e,C10H13N5O4,Adenosine,e,0,adn,,,
GN[e],gn_e,C5H5N5O,Guanine,e,0,gua,,,
INS[e],ins_e,C10H12N4O5,Inosine,e,0,ins,,,
DG[e],dg_e,C10H13N5O4,Deoxyguanosine,e,0,dgsn,,,
DC[e],dc_e,C9H13N3O4,Deoxycytidine,e,0,dcyt,,,
UMP[e],ump_e,C9H11N2O9P,"UDP-N-acetylmuramoyl-L-alanyl-D-glutamyl-meso-2,6-diaminopimeloyl-D-alanyl-D-alanine",e,-2,ugmda,Tiene la formula mal aqui,,
OMP[e],omp_e,C10H10N2O11P,Orotidine5-phosphate,e,-3,orot5p,,,
CYTS[e],cyts_e,C4H5N3O,Cytosine,e,0,csn,,,
THY[e],thy_e,C5H6N2O2,Thymine,e,0,thym,,,
AD[e],ad_e,C5H5N5,Adenine,e,0,ade,,,
GSN[e],gsn_e,C10H13N5O5,Guanosine,e,0,gsn,,,
HYXN[e],hyxn_e,C5H4N4O,Hypoxanthine,e,0,hxan,,,
BT[e],bt_e,C10H15N2O3S,Biotin,e,-1,btn,,,
RIBFLAV[e],ribflav_e,C17H20N4O6,Riboflavin,e,0,ribflv,,,
COBCE[e],cobce_e,C72H100CoN18O17P,Cobamidecoenzyme,e,0,adocbl,,,
OROA[e],oroa_e,C5H3N2O4,Orotate,e,-1,orot,,,
MALN[e],maln_e,C3H2O4,Malonate,e,-2,malon,,,
MALN[c],maln_c,C3H2O4,Malonate,c,-2,malon,,,
FMN[e],fmn_e,C17H19N4O9P,FMN,e,-2,fmn,,,
THME[e],thme_e,C12H17N4OS,Thiamine,e,1,thm,,,
CELLOT[e],cellot_e,C18H32O16,cellotriose,e,0,cellb,,,
TUR[e],tur_e,C12H22O11,turanose,e,0,,No existe en bigg ,,
DX5P[c],dx5p_c,C5H9O7P,1-Deoxy-D-xylulose5-phosphate,c,-2,dxyl5p,,,
2ME4P[c],2me4p_c,C5H11O7P,2-C-Methyl-D-erythritol4-phosphate,c,-2,2me4p,,,
4C2ME[c],4c2me_c,C14H23N3O14P2,4-(Cytidine5-diphospho)-2-C-methyl-D-erythritol,c,-2,4c2me,,,
2P4C2ME[c],2p4c2me_c,C14H22N3O17P3,4-CDP-2-C-methyl-D-erythritol2-phosphate,c,-4,2p4c2me,,,
2MECDP[c],2mecdp_c,C5H10O9P2,"2-C-Methyl-D-erythritol2,4-cyclodiphosphate",c,-2,2mecdp,,,
H2MB4P[c],h2mb4p_c,C5H9O8P2,1-Hydroxy-2-methyl-2-butenyl4-diphosphate,c,-3,h2mb4p,,,
IPP[c],ipp_c,C5H9O7P2,Isopentenyldiphosphate,c,-3,ipdp,,,
DMPP[c],dmpp_c,C5H9O7P2,Dimethylallyldiphosphate,c,-3,dmpp,,,
GRDP[c],grdp_c,C10H17O7P2,Geranyldiphosphate,c,-3,grdp,,,
GERGDP[c],gergdp_c,C20H33O7P2,Geranylgeranyldiphosphate,c,-3,grdp,,,
UDCPDP[c],udcpdp_c,C55H89O7P2,"di-trans,poly-cis-Undecaprenyldiphosphate",c,-2,dtpcudcpp,,,
ATHEDI[c],athedi_c,C35H57O7P2,all-trans-Heptaprenyldiphosphate,c,-3,hepdp,,,
PREQ2P[c],preq2p_c,C30H49O7P2,Presqualenediphosphate,c,-3,psqldp,,,
SQL[c],sql_c,C30H50,Squalene,c,0,sql,,,
3OACOA[c],3oacoa_c,C27H37N7O20P3S,3-oxoadipyl-CoA,c,-5,oxadpcoa,,,
ANIL[c],anil_c,C6H7N,Aniline,c,0,,No existe en bigg ,,
CCL[c],ccl_c,C6H6O2,Catechol,c,0,catechol,,,
C03557[c],c03557_c,C2H8NO3P,2-Aminoethylphosphonate ,c,0,2ameph,,,
C03167[c],c03167_c,C2H5O4P,Phosphonoacetaldehyde,c,0,Pald,,,
C04261[c],c04261_c,C7H9N4O5PR2,ProteinN(pi)-phospho-L-histidine ,c,0,pplhis,,,
C00615[c],c00615_c,C7H8N4O2R2,Proteinhistidine ,c,0,phis__L,,,
C18237[c],c18237_c,C10H12MoN5O8PS2,Molybdoenzymemolybdenumcofactor ,c,0,moco,,,
C21485[c],c21485_c,C19H24MoN8O15P2S2,Cytidylylmolybdenumcofactor ,c,0,mococdp,,,
C15811[c],c15811_c,C4H6N2O2SR2,_Enzyme-cysteine ,c,0,,No existe en bigg ,,
C15812[c],c15812_c,C4H6N2O2S2R2,_Enzyme-S-sulfanylcysteine ,c,0,,No existe en bigg ,,
C06481[c],c06481_c,C13H22NO12PR2C5H8O6PR,L-Seryl-tRNA(Sec) ,c,0,,No existe en bigg ,,
C05172[c],c05172_c,H3PO3Se,Selenophosphoricacid ,c,0,selnp,,,
C06482[c],c06482_c,C13H22NO11PSeR2C5H8O6PR,L-Selenocysteinyl-tRNA(Sec) ,c,0,,No existe en bigg ,,
C00252[c],c00252_c,C12H22O11,Isomaltose ,c,0,isomal,,,
C02362[c],c02362_c,C4H5NO4,2-Oxosuccinamate ,c,0,2oxosucc,,,
C00940[c],c00940_c,C5H7NO4,2-Oxoglutaramate ,c,0,2ogm,,,
C05648[c],c05648_c,C11H12N2O5,5-Hydroxy-N-formyl-L-kynurenine ,c,0,5hoxnfkyn,,,
C05651[c],c05651_c,C10H12N2O4,5-Hydroxykynurenine ,c,0,5hxkyn,,,
C01278[c],c01278_c,C7H6O6,"2-Carboxy-2,5-dihydro-5-oxofuran-2-acetate ",c,0,4cml,,,
5ODHF2A[c],5odhf2a_c,C6H5O4,"5-oxo-4,5-dihydro-2-furylacetate",c,-1,5odhf2a,,,
C07479[c],c07479_c,C7H8O5,2-Oxo-5-methyl-cis-muconate ,c,0,2omcm,,,
C11354[c],c11354_c,C6H8O3,"2-Hydroxy-cis-hex-2,4-dienoate ",c,0,2hchd,,,
C03453[c],c03453_c,C6H6O5,gamma-Oxalocrotonate ,c,0,oxalc,,,
C00237[c],c00237_c,CO,Carbonmonoxide ,c,0,co,,,
C03589[c],c03589_c,C5H8O4,4-Hydroxy-2-oxopentanoate ,c,0,4h2opntn,,,
C01825[c],c01825_c,C6H12O6,L-Galactose ,c,0,gal__L,,,
C01019[c],c01019_c,C6H12O5,L-Fucose ,c,0,fuc__L,,,
C18028[c],c18028_c,C6H10O5,"L-Fucono-1,5-lactone ",c,0,Lfuc15lac,,,
C04349[c],c04349_c,C6H8O6,"(4S)-4,6-Dihydroxy-2,5-dioxohexanoate ",c,0,46dh25dohxn,,,
C06153[c],c06153_c,C6H12O6,scyllo-Inositol ,c,0,,No existe en bigg ,,
C00497[c],c00497_c,C4H6O5,(R)-Malate ,c,0,mal__L,,,
C06730[c],c06730_c,C7H8O2,4-Methylcatechol ,c,0,4mcat,,,
C07085[c],c07085_c,C8H8O2,3-Vinylcatechol ,c,0,,No existe en bigg ,,
C07087[c],c07087_c,C8H8O4,"2-Hydroxy-6-oxoocta-2,4,7-trienoate ",c,0,,No existe en bigg ,,
C02375[c],c02375_c,C6H5ClO2,4-Chlorocatechol ,c,0,,No existe en bigg sdin cloro,,
C07089[c],c07089_c,C6H5ClO4,5-Chloro-2-hydroxymuconicsemialdehyde ,c,0,,No existe en bigg sin cloro,,
C08276[c],c08276_c,C4H8O2S,3-(Methylthio)propanoate ,c,0,C08276,,,
C21065[c],c21065_c,C6H7N5O2,"7,8-Dihydroxanthopterin ",c,0,,No existe en bigg ,,
C18091[c],c18091_c,C2H4NO2,Ethylnitronate ,c,0,,No existe en bigg ,,
C01028[c],c01028_c,C6H14N2O3,N6-Hydroxy-L-lysine ,c,0,n6hlys,,,
C06604[c],c06604_c,C10H14NO5PS,Parathion ,c,0,,No existe en bigg ,,
C03024[c],c03024_c,H2R,Reduced flavoprotein,c,0,cytP450r,,,
C06606[c],c06606_c,C10H14NO6P,Paraoxon ,c,0,,No existe en bigg ,,
C03161[c],c03161_c,PR,Oxidized flavoprotein,c,0,cytP450o,,,
C01598[c],c01598_c,C13H16N2O2,Melatonin ,c,0,melatn,,,
C05643[c],c05643_c,C13H16N2O3,6-Hydroxymelatonin ,c,0,6hoxmelatn,,,
C00162[c],c00162_c,CHO2R,Fattyacid ,c,0,,No existe en bigg ,,
C05102[c],c05102_c,C2H3O3R,alpha-Hydroxyfattyacid ,c,0,,No existe en bigg ,,
C00355[c],c00355_c,C9H11NO4,"3,4-Dihydroxy-L-phenylalanine ",c,0,34dhphe,,,
C00822[c],c00822_c,C9H9NO4,Dopaquinone ,c,0,dopaqn,,,
C03273[c],c03273_c,C5H8O3,5-Oxopentanoate ,c,0,oxptn,,,
C00489[c],c00489_c,C5H8O4,Glutarate ,c,0,glutar,,,
C05125[c],c05125_c,C14H23N4O8P2S,2-(alpha-Hydroxyethyl)thiaminediphosphate ,c,0,2hetdp,,,
C16255[c],c16255_c,C10H18NO2S2R,_Dihydrolipoyllysine-residueacetyltransferaseS-acetyldihydrolipoyllysine ,c,0,,No existe en bigg ,,
C00322[c],c00322_c,C6H8O5,2-Oxoadipate ,c,0,2oxoadp,,,
C00527[c],c00527_c,C26H42N7O19P3S,Glutaryl-CoA ,c,0,gcoa,,,
C06157[c],c06157_c,C13H22NO4S2R,_Dihydrolipoyllysine-residuesuccinyltransferaseS-glutaryldihydrolipoyllysine ,c,0,,No existe en bigg ,,
C21017[c],c21017_c,C15H25N4O8P2S,2-(alpha-Hydroxypropyl)thiaminediphosphate ,c,0,2hetdp,,,
C21018[c],c21018_c,C11H20NO2S2R,EnzymeN6-(S-propyldihydrolipoyl)lysine ,c,0,,No existe en bigg ,,
C15978[c],c15978_c,C17H29N4O8P2S,2-Methyl-1-hydroxybutyl-ThPP ,c,0,2mhob,,,
C15979[c],c15979_c,C13H24NO2S2R,_Dihydrolipoyllysine-residue(2-methylpropanoyl)transferaseS-(2-methylbutanoyl)dihydrolipoyllysine ,c,0,,No existe en bigg ,,
C15976[c],c15976_c,C16H27N4O8P2S,2-Methyl-1-hydroxypropyl-ThPP ,c,0,2mhop,,,
C15977[c],c15977_c,C12H22NO2S2R,_Dihydrolipoyllysine-residue(2-methylpropanoyl)transferaseS-(2-methylpropanoyl)dihydrolipoyllysine ,c,0,,No existe en bigg ,,
C15974[c],c15974_c,C17H29N4O8P2S,3-Methyl-1-hydroxybutyl-ThPP ,c,0,3mhtpp,,,
C15975[c],c15975_c,C13H24NO2S2R,_Dihydrolipoyllysine-residue(2-methylpropanoyl)transferaseS-(3-methylbutanoyl)dihydrolipoyllysine ,c,0,,No existe en bigg ,,
C03427[c],c03427_c,C40H68O7P2,Prephytoenediphosphate ,c,0,prephytedp,,,
C05421[c],c05421_c,C40H64,15-cis-Phytoene ,c,0,phyto,,,
C15996[c],c15996_c,C7H5N5O,7-Cyano-7-carbaguanine ,c,0,preq0,,,
C16675[c],c16675_c,C7H9N5O,7-Aminomethyl-7-carbaguanine ,c,0,preq1,,,
C03294[c],c03294_c,C21H30N6O12PSRC5H8O6PR,N-Formylmethionyl-tRNA ,c,0,fmettrna,,,
C19848[c],c19848_c,C20H26N10O12P2S2,Adenylatedmolybdopterin ,c,0,mptamp,,,
C06232[c],c06232_c,H2MoO4,Molybdate ,c,0,mobd,,,
C04650[c],c04650_c,C5H12NO4P,L-Phosphinothricin ,c,0,pptrn,,,
C17952[c],c17952_c,C7H14NO5P,N-Acetylphosphinothricin ,c,0,acpptrn,,,
C17962[c],c17962_c,C4H10NO4P,Demethylphosphinothricin ,c,0,,No existe en bigg ,,
C17949[c],c17949_c,C6H12NO5P,N-Acetyldemethylphosphinothricin ,c,0,,No existe en bigg ,,
C02291[c],c02291_c,C7H14N2O4S,L-Cystathionine ,c,0,cyst__L,,,
C04462[c],c04462_c,C11H15NO8,N-Succinyl-2-L-amino-6-oxoheptanedioate ,c,0,sl2a6o,,,
C17558[c],c17558_c,C55H90O,"di-trans,poly-cis-Undecaprenol",c,0,,No existe en bigg ,,
UDCPP[c],udcpp_c,C55H89O4P,"di-trans,poly-cis-Undecaprenylphosphate",c,-2,udcpp,,,
C05924[c],c05924_c,C10H14N5O6PS2,Molybdopterin ,c,0,mpt,,,
C19871[c],c19871_c,C20H24MoN10O15P2S2,Guanylylmolybdenumcofactor ,c,0,mocogdp,,,
C00177[c],c00177_c,CN,Cyanideion ,c,0,cn,,,
C01755[c],c01755_c,CHNS,Thiocyanate ,c,0,tcynt,,,
C04230[c],c04230_c,C9H20NO7PR,1-Acyl-sn-glycero-3-phosphocholine ,c,0,1agpc,,,
C04233[c],c04233_c,C9H20NO7PR,2-Acyl-sn-glycero-3-phosphocholine ,c,0,2agpc,,,
C05973[c],c05973_c,C6H13NO7PR,2-Acyl-sn-glycero-3-phosphoethanolamine ,c,0,2ag3pea,No existe en bigg ,,
C04438[c],c04438_c,C6H13NO7PR,1-Acyl-sn-glycero-3-phosphoethanolamine ,c,0,1ag3pea,No existe en bigg ,,
C20440[c],c20440_c,C5H10O10P2,"alpha-D-Ribose1,2-cyclicphosphate5-phosphate ",c,0,prcp,,,
C01151[c],c01151_c,C5H12O11P2,"D-Ribose1,5-bisphosphate ",c,0,r15bp,,,
C09815[c],c09815_c,C7H7NO,Benzamide ,c,0,bzmd,,,
BA[c],ba_c,C7H5O2,benzoate,c,-1,bz,,,
C00146[c],c00146_c,C6H6O,Phenol ,c,0,phenol,,,
C00156[c],c00156_c,C7H6O3,4-Hydroxybenzoate ,c,0,4hbz,,,
C02798[c],c02798_c,C3H5O6P,3-Phosphonopyruvate ,c,0,3pop,,,
C00986[c],c00986_c,C3H10N2,"1,3-Diaminopropane ",c,0,13dampp,,,
C20239[c],c20239_c,C7H9N5O3,"6-Carboxy-5,6,7,8-tetrahydropterin ",c,0,cph4,,,
C20248[c],c20248_c,C7H6N4O3,7-Carboxy-7-carbaguanine ,c,0,cdg,,,
C21310[c],c21310_c,C10H16N5O14P3,"(8S)-3',8-Cyclo-7,8-dihydroguanosine5'-triphosphate ",c,0,38ch2gtp,,,
PRECZ[c],precz_c,C10H12N5O8P,PrecursorZ,c,-2,cpmp,,,
C00221[c],c00221_c,C6H12O6,beta-D-Glucose ,c,0,glc_D_B,,,
C21008[c],c21008_c,C9H13N5O4,"7,8-Dihydromonapterin ",c,0,dhmpt,,,
C19830[c],c19830_c,C7H9NO3,"(5S,6S)-6-Amino-5-hydroxycyclohexa-1,3-diene-1-carboxylate ",c,0,,No existe en bigg ,,
C19831[c],c19831_c,C7H9NO3,"(1R,6S)-6-Amino-5-oxocyclohex-2-ene-1-carboxylate ",c,0,,No existe en bigg ,,
C20062[c],c20062_c,C29H42N7O18P3S,"2-(1,2-Epoxy-1,2-dihydrophenyl)acetyl-CoA ",c,0,rephaccoa,,,
C19975[c],c19975_c,C29H42N7O18P3S,2-Oxepin-2(3H)-ylideneacetyl-CoA ,c,0,2oxpaccoa,,,
C20246[c],c20246_c,C7H10NO6PS,"2-_(2R,5Z)-2-Carboxy-4-methylthiazol-5(2H)-ylideneethylphosphate ",c,0,2c4mthzep,,,
C16241[c],c16241_c,C8H14O2S2,(R)-Lipoate ,c,0,lipoate,,,
C16240[c],c16240_c,NH2R,Apoprotein ,c,0,,No existe en bigg ,,
C16237[c],c16237_c,C8H14NOS2R,ProteinN6-(lipoyl)lysine ,c,0,,No existe en bigg ,,
C16236[c],c16236_c,C8H16NOR,ProteinN6-(octanoyl)lysine ,c,0,,No existe en bigg ,,
C05921[c],c05921_c,C20H28N7O9PS,Biotinyl-5'-AMP ,c,-3,btamp,,,
ETOL[e],etol_e,C2H6O,Ethanol,e,0,etoh,,,
SOR[e],sor_e,C6H12O6,L-sorbose,e,0,srb__L,,,
ERY[e],ery_e,C4H8O4,D-erythrose,e,0,erthrs,,,
NICA[e],nica_e,C6H4NO2,Nicotinate,e,-1,nac,,,
PHPYR[e],phpyr_e,C9H7O3,Phenylpyruvate,e,-1,phpyr,,,
MPYR[e],mpyr_e,C3H3O3S,Mercaptopyruvate,e,-1,mercppyr,,,
ETHAM[e],etham_e,C2H8NO,Ethanolamine,e,1,etha,,,
cpd15800[c],cpd15800_c,,LipidcompositionofB.megaterium,c,0,,??? Qué coño es esto,,
cpd16488[c],cpd16488_c,C20H28O,Genericlipidcontent,c,0,,??? Qué coño es esto,,
cpd15748[c],cpd15748_c,C123H240O135P24,"Stearoyllipoteichoicacid(n=24),linked,unsubstituted",c,-24,stearnsu24,,,
cpd15775[c],cpd15775_c,C195H360N24O159P24,"Stearoyllipoteichoicacid(n=24),linked,D-alaninesubstituted",c,-24,,No existe en bigg ,,
cpd15752[c],cpd15752_c,C117H228O135P24,"Isopentadecanoyllipoteichoicacid(n=24),linked,unsubstituted",c,-24,isopensu24,,,
cpd15761[c],cpd15761_c,C261H468O255P24,"Isopentadecanoyllipoteichoicacid(n=24),linked,glucosesubstituted",c,-24,isopeluc24,,,
cpd15779[c],cpd15779_c,C189H348N24O159P24,"Isopentadecanoyllipoteichoicacid(n=24),linked,D-alaninesubstituted",c,-24,isop24ds,,,
cpd15746[c],cpd15746_c,C119H232O135P24,"Palmitoyllipoteichoicacid(n=24),linked,unsubstituted",c,-24,palminsu24,,,
cpd15773[c],cpd15773_c,C191H352N24O159P24,"Palmitoyllipoteichoicacid(n=24),linked,D-alaninesubstituted",c,-24,,No existe en bigg ,,
cpd15747[c],cpd15747_c,C115H224O135P24,"Myristoyllipoteichoicacid(n=24),linked,unsubstituted",c,-24,myrs24u,,,
cpd15756[c],cpd15756_c,C259H464O255P24,"Myristoyllipoteichoicacid(n=24),linked,glucosesubstituted",c,-24,myrisluc24,,,
cpd15754[c],cpd15754_c,C119H232O135P24,"Isohexadecanoyllipoteichoicacid(n=24),linked,unsubstituted",c,-24,isohensu24,,,
cpd15781[c],cpd15781_c,C191H352N24O159P24,"Isohexadecanoyllipoteichoicacid(n=24),linked,D-alaninesubstituted",c,-24,,No existe en bigg ,,
cpd15750[c],cpd15750_c,C121H236O135P24,"Anteisoheptadecanoyllipoteichoicacid(n=24),linked,unsubstituted",c,-24,anteinsu24,,,
cpd15749[c],cpd15749_c,C121H236O135P24,"Isoheptadecanoyllipoteichoicacid(n=24),linked,unsubstituted",c,-24,isohensu24,,,
cpd15777[c],cpd15777_c,C193H356N24O159P24,"Anteisoheptadecanoyllipoteichoicacid(n=24),linked,D-alaninesubstituted",c,-24,,No existe en bigg ,,
cpd15757[c],cpd15757_c,C267H480O255P24,"Stearoyllipoteichoicacid(n=24),linked,glucosesubstituted",c,-24,steart24s,,,
cpd15764[c],cpd15764_c,C311H544N24O255P24,"Palmitoyllipoteichoicacid(n=24),linked,N-acetyl-D-glucosamine",c,-24,palm24nacs,,,
cpd15765[c],cpd15765_c,C307H536N24O255P24,"Myristoyllipoteichoicacid(n=24),linked,N-acetyl-D-glucosamine",c,-24,,No existe en bigg ,,
cpd15759[c],cpd15759_c,C265H476O255P24,"Anteisoheptadecanoyllipoteichoicacid(n=24),linked,glucosesubstituted",c,-24,anteiluc24,,,
cpd15768[c],cpd15768_c,C313H548N24O255P24,"Anteisoheptadecanoyllipoteichoicacid(n=24),linked,N-acetyl-D-glucosamine",c,-24,ant24Nacds,,,
cpd15753[c],cpd15753_c,C117H228O135P24,"Anteisopentadecanoyllipoteichoicacid(n=24),linked,unsubstituted",c,-24,antp24u,,,
cpd15751[c],cpd15751_c,C115H224O135P24,"Isotetradecanoyllipoteichoicacid(n=24),linked,unsubstituted",c,-24,isotensu24,,,
cpd15769[c],cpd15769_c,C307H536N24O255P24,"Isotetradecanoyllipoteichoicacid(n=24),linked,N-acetyl-D-glucosamine",c,-24,isot24s,,,
cpd15762[c],cpd15762_c,C261H468O255P24,"Anteisopentadecanoyllipoteichoicacid(n=24),linked,glucosesubstituted",c,-24,ant24glcs,,,
cpd15767[c],cpd15767_c,C313H548N24O255P24,"Isoheptadecanoyllipoteichoicacid(n=24),linked,N-acetyl-D-glucosamine",c,-24,isoh24s,,,
cpd15776[c],cpd15776_c,C193H356N24O159P24,"Isoheptadecanoyllipoteichoicacid(n=24),linked,D-alaninesubstituted",c,-24,iso24ds,,,
cpd15755[c],cpd15755_c,C263H472O255P24,"Palmitoyllipoteichoicacid(n=24),linked,glucosesubstituted",c,-24,palmt24s,,,
cpd15758[c],cpd15758_c,C265H476O255P24,"Isoheptadecanoyllipoteichoicacid(n=24),linked,glucosesubstituted",c,-24,isohep24s,,,
cpd15760[c],cpd15760_c,C259H464O255P24,"Isotetradecanoyllipoteichoicacid(n=24),linked,glucosesubstituted",c,-24,isoteluc24,,,
cpd15763[c],cpd15763_c,C263H472O255P24,"Isohexadecanoyllipoteichoicacid(n=24),linked,glucosesubstituted",c,-24,isodec24s,,,
cpd15766[c],cpd15766_c,C315H552N24O255P24,"Stearoyllipoteichoicacid(n=24),linked,N-acetyl-D-glucosamine",c,-24,stear24s,,,
cpd15770[c],cpd15770_c,C309H540N24O255P24,"Isopentadecanoyllipoteichoicacid(n=24),linked,N-acetyl-D-glucosamine",c,-24,isop24gsms,,,
cpd15771[c],cpd15771_c,C309H540N24O255P24,"Anteisopentadecanoyllipoteichoicacid(n=24),linked,N-acetyl-D-glucosamine",c,-24,,No existe en bigg ,,
cpd15772[c],cpd15772_c,C311H544N24O255P24,"Isohexadecanoyllipoteichoicacid(n=24),linked,N-acetyl-D-glucosamine",c,-24,,No existe en bigg ,,
cpd15774[c],cpd15774_c,C187H342N24O159P24,"Myristoyllipoteichoicacid(n=24),linked,D-alaninesubstituted",c,-26,,No existe en bigg ,,
cpd15778[c],cpd15778_c,C187H344N24O159P24,"Isotetradecanoyllipoteichoicacid(n=24),linked,D-alaninesubstituted",c,-24,,No existe en bigg ,,
cpd15780[c],cpd15780_c,C189H349N24O159P24,"Anteisopentadecanoyllipoteichoicacid(n=24),linked,D-alaninesubstituted",c,-23,,No existe en bigg ,,
cpd15670[c],cpd15670_c,,Lipoteichoicacidcontent,c,0,,??? Qué coño es esto,,
cpd11495[c],cpd11495_c,C16H29N2O8PRS,2-methylbutanoyl-ACP|2-methylbutyryl-ACP,c,-1,2mbutACP,,,
cpd11496[c],cpd11496_c,C18H31N2O9PRS,4-methyl-3-oxo-hexanoyl-ACP,c,-1,4m3ohexACP,,,
cpd11497[c],cpd11497_c,C18H33N2O9PRS,4-methyl-3-hydroxy-hexanoyl-ACP,c,-1,4m3hhexACP,,,
cpd11498[c],cpd11498_c,C18H31N2O8PRS,4-methyl-trans-hex-2-enoyl-ACP,c,-1,4methex2eACP,,,
cpd11499[c],cpd11499_c,C18H33N2O8PRS,4-methyl-hexanoyl-ACP,c,-1,4methexACP,,,
cpd11500[c],cpd11500_c,C20H35N2O9PRS,6-methyl-3-oxo-octanoyl-ACP,c,-1,6m3oACP,,,
cpd11501[c],cpd11501_c,C20H37N2O9PRS,6-methyl-3-hydroxy-octanoyl-ACP,c,-1,6m3hoACP,,,
cpd11502[c],cpd11502_c,C20H35N2O8PRS,6-methyl-trans-oct-2-enoyl-ACP,c,-1,6mto2eACP,,,
cpd11503[c],cpd11503_c,C20H37N2O8PRS,6-methyl-octanoyl-ACP,c,-1,6moACP,,,
cpd11504[c],cpd11504_c,C22H39N2O9PRS,8-methyl-3-oxo-decanoyl-ACP,c,-1,8m3odACP,,,
cpd11505[c],cpd11505_c,C22H41N2O9PRS,8-methyl-3-hydroxy-decanoyl-ACP,c,-1,8m3hdACP,,,
cpd11506[c],cpd11506_c,C22H39N2O8PRS,8-methyl-trans-dec-2-enoyl-ACP,c,-1,8mtd2eACP,,,
cpd11507[c],cpd11507_c,C22H41N2O8PRS,8-methyl-decanoyl-ACP,c,-1,8mdACP,,,
cpd11508[c],cpd11508_c,C24H43N2O9PRS,10-methyl-3-oxo-dodecanoyl-ACP,c,-1,,No existe en bigg ,,
cpd11509[c],cpd11509_c,C24H45N2O9PRS,10-methyl-3-hydroxy-dodecanoyl-ACP,c,-1,3hoddecACP,,,
cpd11510[c],cpd11510_c,C24H43N2O8PRS,10-methyl-trans-dodec-2-enoyl-ACP,c,-1,10mtd2eACP,,,
cpd11511[c],cpd11511_c,C24H45N2O8PRS,10-methyl-dodecanoyl-ACP,c,-1,10mdACP,,,
cpd11512[c],cpd11512_c,C26H47N2O9PRS,12-methyl-3-oxo-tetra-decanoyl-ACP,c,-1,123oxtACP,,,
cpd11513[c],cpd11513_c,C26H49N2O9PRS,12-methyl-3-hydroxy-tetra-decanoyl-ACP,c,-1,12m3htdACP,,,
cpd11514[c],cpd11514_c,C26H47N2O8PRS,12-methyl-trans-tetra-dec-2-enoyl-ACP,c,-1,12methtetdec2,,,
cpd11515[c],cpd11515_c,C26H49N2O8PRS,12-methyl-tetra-decanoyl-ACP,c,-1,,No existe en bigg ,,
cpd11516[c],cpd11516_c,C28H51N2O9PRS,14-methyl-3-oxo-hexa-decanoyl-ACP,c,-1,14m3ohdACP,,,
cpd11517[c],cpd11517_c,C28H53N2O9PRS,14-methyl-3-hydroxy-hexa-decanoyl-ACP,c,-1,14m3hdACP,,,
cpd11518[c],cpd11518_c,C28H51N2O8PRS,14-methyl-trans-hexa-dec-2-enoyl-ACP,c,-1,14mthdeACP,,,
cpd11519[c],cpd11519_c,C28H53N2O8PRS,14-methyl-hexa-decanoyl-ACP,c,-1,14mhdACP,,,
cpd11520[c],cpd11520_c,C16H29N2O8PRS,3-methylbutanoyl-ACP|isovaleryl-ACP,c,-1,isovACP,,,
cpd11521[c],cpd11521_c,C18H31N2O9PRS,5-methyl-3-oxo-hexanoyl-ACP,c,-1,5m3hhACP,,,
cpd11522[c],cpd11522_c,C18H33N2O9PRS,5-methyl-3-hydroxy-hexanoyl-ACP,c,-1,5m3hACP,,,
cpd11523[c],cpd11523_c,C18H31N2O8PRS,5-methyl-trans-hex-2-enoyl-ACP,c,-1,5mhACP,,,
cpd11524[c],cpd11524_c,C18H33N2O8PRS,5-methyl-hexanoyl-ACP,c,-1,3mehacp,,,
cpd11525[c],cpd11525_c,C20H35N2O9PRS,7-methyl-3-oxo-octanoyl-ACP,c,-1,7me3oxoacp,,,
cpd11526[c],cpd11526_c,C20H37N2O9PRS,7-methyl-3-hydroxy-octanoyl-ACP,c,-1,7m3hoACP,,,
cpd11527[c],cpd11527_c,C20H35N2O8PRS,7-methyl-trans-oct-2-enoyl-ACP,c,-1,7mto2eACP,,,
cpd11528[c],cpd11528_c,C20H37N2O8PRS,7-methyl-octanoyl-ACP,c,-1,7moACP,,,
cpd11529[c],cpd11529_c,C22H39N2O9PRS,9-methyl-3-oxo-decanoyl-ACP,c,-1,9m3odACP,,,
cpd11530[c],cpd11530_c,C22H41N2O9PRS,9-methyl-3-hydroxy-decanoyl-ACP,c,-1,9m3hdACP,,,
cpd11531[c],cpd11531_c,C22H39N2O8PRS,9-methyl-trans-dec-2-enoyl-ACP,c,-1,9mtd2eACP,,,
cpd11532[c],cpd11532_c,C22H41N2O8PRS,9-methyl-decanoyl-ACP,c,-1,9mdACP,,,
cpd11533[c],cpd11533_c,C24H43N2O9PRS,11-methyl-3-oxo-dodecanoyl-ACP,c,-1,11m3odACP,,,
cpd11534[c],cpd11534_c,C24H45N2O9PRS,11-methyl-3-hydroxy-dodecanoyl-ACP,c,-1,11m3hdACP,,,
cpd11535[c],cpd11535_c,C24H43N2O8PRS,11-methyl-trans-dodec-2-enoyl-ACP,c,-1,11mtdeACP,,,
cpd11536[c],cpd11536_c,C24H45N2O8PRS,11-methyl-dodecanoyl-ACP,c,-1,11mdACP,,,
cpd11537[c],cpd11537_c,C26H47N2O9PRS,13-methyl-3-oxo-tetra-decanoyl-ACP,c,-1,13m3otdACP,,,
cpd11538[c],cpd11538_c,C26H49N2O9PRS,13-methyl-3-hydroxy-tetra-decanoyl-ACP,c,-1,13m3htdACP,,,
cpd11539[c],cpd11539_c,C26H47N2O8PRS,13-methyl-trans-tetra-dec-2-enoyl-ACP,c,-1,13mtdACP,,,
cpd11540[c],cpd11540_c,C26H49N2O8PRS,13-methyl-tetra-decanoyl-ACP,c,-1,13mtdACP,,,
cpd11541[c],cpd11541_c,C28H51N2O9PRS,15-methyl-3-oxo-hexa-decanoyl-ACP,c,-1,15m3ohdACP,,,
cpd11542[c],cpd11542_c,C28H53N2O9PRS,15-methyl-3-hydroxy-hexa-decanoyl-ACP,c,-1,15m3hdACP,,,
cpd11543[c],cpd11543_c,C28H51N2O8PRS,15-methyl-trans-hexa-dec-2-enoyl-ACP,c,-1,15methexeACP,,,
cpd11544[c],cpd11544_c,C28H53N2O8PRS,15-methyl-hexa-decanoyl-ACP,c,-1,15mhdACP,,,
cpd11545[c],cpd11545_c,C15H27N2O8PRS,2-methylpropionyl-ACP|isobutyryl-ACP,c,-1,isobutACP,,,
cpd11546[c],cpd11546_c,C17H29N2O9PRS,4-methyl-3-oxo-pentanoyl-ACP,c,-1,4m3opACP,,,
cpd11547[c],cpd11547_c,C17H31N2O9PRS,4-methyl-3-hydroxy-pentanoyl-ACP,c,-1,4m3hpAPC,,,
cpd11548[c],cpd11548_c,C17H29N2O8PRS,4-methyl-trans-pent-2-enoyl-ACP,c,-1,4mtpACP,,,
cpd11549[c],cpd11549_c,C17H31N2O8PRS,4-methyl-pentanoyl-ACP,c,-1,4mpACP,,,
cpd11550[c],cpd11550_c,C19H33N2O9PRS,6-methyl-3-oxo-heptanoyl-ACP,c,-1,6m3ohACP,,,
cpd11551[c],cpd11551_c,C19H35N2O9PRS,6-methyl-3-hydroxy-heptanoyl-ACP,c,-1,6m3hhACP,,,
cpd11552[c],cpd11552_c,C19H33N2O8PRS,6-methyl-trans-hept-2-enoyl-ACP,c,-1,6mth2eACP,,,
cpd11553[c],cpd11553_c,C19H35N2O8PRS,6-methyl-heptanoyl-ACP,c,-1,6mhACP,,,
cpd11554[c],cpd11554_c,C21H37N2O9PRS,8-methyl-3-oxo-nonanoyl-ACP,c,-1,8m3oxACP,,,
cpd11555[c],cpd11555_c,C21H39N2O9PRS,8-methyl-3-hydroxy-nonanoyl-ACP,c,-1,8m3hnACP,,,
cpd11556[c],cpd11556_c,C21H37N2O8PRS,8-methyl-trans-non-2-enoyl-ACP,c,-1,8mtn2eACP,,,
cpd11557[c],cpd11557_c,C21H39N2O8PRS,8-methyl-nonanoyl-ACP,c,-1,8mcACP,,,
cpd11558[c],cpd11558_c,C23H41N2O9PRS,10-methyl-3-oxo-undecanoyl-ACP,c,-1,10m3ouACP,,,
cpd11559[c],cpd11559_c,C23H43N2O9PRS,10-methyl-3-hydroxy-undecanoyl-ACP,c,-1,10m3uACP,,,
cpd11560[c],cpd11560_c,C23H41N2O8PRS,10-methyl-trans-undec-2-enoyl-ACP,c,-1,10mtu2eACP,,,
cpd11561[c],cpd11561_c,C23H43N2O8PRS,10-methyl-undecanoyl-ACP,c,-1,10muACP,,,
cpd11562[c],cpd11562_c,C25H45N2O9PRS,12-methyl-3-oxo-tridecanoyl-ACP,c,-1,12m3otACP,,,
cpd11563[c],cpd11563_c,C25H47N2O9PRS,12-methyl-3-hydroxy-tridecanoyl-ACP,c,-1,12mdhtACP,,,
cpd11564[c],cpd11564_c,C25H45N2O8PRS,12-methyl-trans-tridec-2-enoyl-ACP,c,-1,12mtt2eACP,,,
cpd11565[c],cpd11565_c,C25H47N2O8PRS,12-methyl-tridecanoyl-ACP,c,-1,12mtACP,,,
cpd11566[c],cpd11566_c,C27H49N2O9PRS,14-methyl-3-oxo-pentadecanoyl-ACP,c,-1,14m3opACP,,,
cpd11567[c],cpd11567_c,C27H51N2O9PRS,14-methyl-3-hydroxy-pentadecanoyl-ACP,c,-1,14m3hpACP,,,
cpd11568[c],cpd11568_c,C27H49N2O8PRS,14-methyl-trans-pentadec-2-enoyl-ACP,c,-1,14mtp2eACP,,,
cpd11569[c],cpd11569_c,C27H51N2O8PRS,14-methyl-pentadecanoyl-ACP,c,-1,14mpACP,,,
C140ACP[c],c140acp_c,C25H47N2O8PRS,Tetradecanoyl-_acp,c,-1,tetacp,,,
cpd11476[c],cpd11476_c,C27H51N2O8PRS,Hexadecanoyl-_acp,c,-1,hedACP,,,
cpd11573[c],cpd11573_c,C29H55N2O8PRS,Octodecanoyl-ACP,c,-1,octACP,,,
cpd11570[c],cpd11570_c,C29H53N2O9PRS,3-Oxooctodecanoyl-ACP,c,-1,3oodACP,,,
cpd11571[c],cpd11571_c,C29H55N2O9PRS,3-Hydroxyoctodecanoyl-ACP,c,-1,3hodACP,,,
cpd11572[c],cpd11572_c,C29H53N2O8PRS,trans-Octodec-2-enoyl-ACP,c,-1,to2eACP,,,
C04246[c],c04246_c,C4H5OSR,But-2-enoyl-_acyl-carrierprotein ,c,-1,but2eACP,,,
C05745[c],c05745_c,C4H7OSR,Butyryl-_acp ,c,-1,butACP,,,
C05760[c],c05760_c,C14H25OSR,trans-Tetradec-2-enoyl-_acp ,c,-1,ttetdec2enoylacp,,,
C05751[c],c05751_c,C8H13OSR,trans-Oct-2-enoyl-_acp ,c,-1,2toceacp,,,
C05748[c],c05748_c,C6H9OSR,trans-Hex-2-enoyl-_acp ,c,-1,t2eacp,,,
C05749[c],c05749_c,C6H11OSR,Hexanoyl-_acp ,c,-1,hexACP,,,
C05754[c],c05754_c,C10H17OSR,trans-Dec-2-enoyl-_acp ,c,-1,dec22enacp,,,
C100ACP[c],c100acp_c,C21H39N2O8PRS,Decanoyl-_acp,c,-1,dcaACP,,,
C05763[c],c05763_c,C16H29OSR,trans-Hexadec-2-enoyl-_acp ,c,-1,tpalm2eACP,,,
C160ACP[c],c160acp_c,C27H51N2O8PRS,Hexadecanoyl-_acp,c,-1,hedACP,,,
C04618[c],c04618_c,C4H7O2SR,(3R)-3-Hydroxybutanoyl-_acyl-carrierprotein ,c,-1,3hbacp,,,
C05747[c],c05747_c,C6H11O2SR,(R)-3-Hydroxyhexanoyl-_acp ,c,-1,h3hacp,,,
C05757[c],c05757_c,C12H23O2SR,(R)-3-Hydroxydodecanoyl-_acp ,c,-1,d3odecacp,,,
C05758[c],c05758_c,C12H21OSR,trans-Dodec-2-enoyl-_acp ,c,-1,dodec2enacp,,,
C04633[c],c04633_c,C16H31O2SR,(3R)-3-Hydroxypalmitoyl-_acyl-carrierprotein ,c,-1,3hpaacp,,,
C04619[c],c04619_c,C10H19O2SR,(3R)-3-Hydroxydecanoyl-_acyl-carrierprotein ,c,-1,3hdeacp,,,
C04620[c],c04620_c,C8H15O2SR,(3R)-3-Hydroxyoctanoyl-_acyl-carrierprotein ,c,-1,3hoctACP,,,
C04688[c],c04688_c,C14H27O2SR,(3R)-3-Hydroxytetradecanoyl-_acyl-carrierprotein ,c,-1,3htdacp,,,
C05762[c],c05762_c,C16H29O2SR,3-Oxohexadecanoyl-_acp ,c,-1,3oxhdacp,,,
C05746[c],c05746_c,C6H9O2SR,3-Oxohexanoyl-_acp ,c,-1,o3hacp,,,
C05753[c],c05753_c,C10H17O2SR,3-Oxodecanoyl-_acp ,c,-1,o3xodecacp,,,
C05744[c],c05744_c,C4H5O2SR,Acetoacetyl-_acp ,c,-1,acacacp,,,
C05756[c],c05756_c,C12H21O2SR,3-Oxododecanoyl-_acp ,c,-1,3oxddACP,,,
C05750[c],c05750_c,C8H13O2SR,3-Oxooctanoyl-_acp ,c,-1,3oxocACP,,,
C05759[c],c05759_c,C14H25O2SR,3-Oxotetradecanoyl-_acp ,c,-1,3oxtdacp,,,
C120ACP[c],c120acp_c,C23H43N2O8PRS,Dodecanoyl-_acyl-carrierprotein,c,-1,ddcaACP,,,
NAMA[c],nama_c,C8H15NO6,N-Acetyl-D-mannosamine,c,0,acmana,,,
C04256[c],c04256_c,C8H16NO9P,N-Acetyl-D-glucosamine1-phosphate ,c,-1,acgam1p,,,
CDPGL[c],cdpgl_c,C12H19N3O13P2,CDP-glycerol,c,-2,cdpglyc,,,
C00842[c],c00842_c,C16H26N2O16P2,dTDP-glucose ,c,-2,dtdpglc,,,
C05897[c],c05897_c,C87H143N7O23P2,"Undecaprenyl-diphospho-N-acetylmuramoyl-L-alanyl-D-glutamyl-meso-2,6",c,-4,uagmda,,,
UAAGMDA[c],uaagmda_c,C95H152N8O28P2,"Undecaprenyl-diphospho-N-acetylmuramoyl-(N-acetylglucosamine)-L-alanyl-D-glutamyl-meso-2,6-diaminopimeloyl-D-alanyl-D-alanine",c,-4,uaagtmda,,,
C01289[c],c01289_c,C63H105NO12P2,N-Acetyl-D-glucosaminyldiphosphoundecaprenol ,c,-2,unaga,,,
C04881[c],c04881_c,C71H118N2O17P2,"N-Acetyl-beta-D-mannosaminyl-1,4-N-acetyl-D-glucosaminyldiphosphoundecaprenol ",c,-2,abdmagdpu,,,
C00348[c],c00348_c,C55H91O4P,all-trans-Undecaprenylphosphate ,c,-1,udcpp,,,
cpd15661[c],cpd15661_c,C206H386N2O242P47,"45(Phosphoglyceryl)-N-Acetyl-beta-D-mannosaminyl-1,4-N-acetyl-D-glucosaminyldiphosphoundecaprenol|Prenol-45nteichoicacid",c,-47,prenoN_acid,,,
cpd15663[c],cpd15663_c,C341H611N47O287P47,"45(Alanyl-phosphoglyceryl)-N-Acetyl-beta-D-mannosaminyl-1,4-N-acetyl-D-glucosaminyldiphosphoundecaprenol|Prenol-45nteichoicacid-alaninesubstituted",c,-47,,No existe en bigg ,,
cpd15662[c],cpd15662_c,C476H836N2O467P47,"45(Glucosyl-phosphoglyceryl)-N-Acetyl-beta-D-mannosaminyl-1,4-N-acetyl-D-glucosaminyldiphosphoundecaprenol|Prenol-45nteichoicacid-glucosesubstituted",c,-47,prenoN_ated,,,
cpd15666[c],cpd15666_c,C40H63N8O21R,Peptidoglycanpolymer(n-1subunits),c,-2,peptido_EC,,,
cpd15667[c],cpd15667_c,C191H359N10O259P46R,"glycerolteichoicacid(n=45),linked,unsubstituted",c,-48,,No existe en bigg ,,
cpd15669[c],cpd15669_c,C461H809N10O484P46R,"glycerolteichoicacid(n=45),linked,glucosesubstituted",c,-48,,No existe en bigg ,,
cpd15668[c],cpd15668_c,C326H584N55O304P46R,"glycerolteichoicacid(n=45),linked,D-alasubstituted",c,-48,,No existe en bigg ,,
cpd11459[c],cpd11459_c,C420H692N30O391P30,"tcam|minorteichoicacid(acetylgalactosamineglucosephosphate,n=30)",c,-30,tcam,,,
cpd15665[c],cpd15665_c,C80H125N16O42R,Peptidoglycanpolymer(nsubunits),c,-4,,"No existe en bigg, 2 unidades de peptidoglicano",,
cpd15664[c],cpd15664_c,,CellwallofB.megaterium,c,0,,No existe en bigg ,,
FE3[e],fe3_e,Fe,Fe3+,e,3,fe3,,,
C00249[c],c00249_c,C16H32O2,Hexadecanoicacid ,c,0,palmacd,,,
C04217[c],c04217_c,C25H44O7P2,all-trans-Pentaprenyldiphosphate ,c,0,pendp,,,
C01230[c],c01230_c,C30H52O7P2,all-trans-Hexaprenyldiphosphate ,c,0,hexdp,,,
cpd11430[c],cpd11430_c,C14H27O2,fa1|Fattyacid(Iso-C14:0),c,-1,fa1,,,
cpd11438[c],cpd11438_c,C15H29O2,fa4|Fattyacid(Anteiso-C15:0),c,-1,fa4,,,
cpd11436[c],cpd11436_c,C15H29O2,fa3|Fattyacid(Iso-C15:0),c,-1,fa3,,,
cpd11440[c],cpd11440_c,C16H31O2,fa6|Fattyacid(iso-C16:0),c,-1,fa6,,,
cpd11433[c],cpd11433_c,C17H33O2,fa12|Fattyacid(Anteiso-C17:0),c,-1,fa12,,,
cpd11431[c],cpd11431_c,C17H33O2,fa11|Fattyacid(Iso-C17:0),c,-1,fa11,,,
C01033[c],c01033_c,C26H44N7O17P3S,2-Methylbutanoyl-CoA ,c,0,m2bcoa,,,
cpd12543[c],cpd12543_c,C18H26N5O6R2S,Carboxybiotin-carboxyl-carrierprotein,c,-1,cbtnCCP,,,
cpd12848[c],cpd12848_c,C17H27N5O4R2S,Holo-_carboxylase|Biotin-carboxyl-carrierprotein,c,0,btnCCP,,,
SUC[e],suc_e,C12H22O11,Sucrose ,e,0,sucr,,,
C00497[e],c00497_e,C4H6O5,(R)-Malate ,e,0,mal__L,,,
STAC[e],stac_e,C24H42O21,Stachyose,e,0,stys,,,
NAMA[e],nama_e,C8H15NO6,N-Acetyl-D-mannosamine,e,0,acmana,,,
SOT[e],sot_e,C6H14O6,D-Sorbitol,e,0,sbt__D,,,
F6P[e],f6p_e,C6H11O9P,D-Fructose6-phosphate,e,-2,f6p,,,
GLCN15LAC[e],glcn15lac_e,C6H10O6,"D-Glucono-1,5-lactone",e,0,dgo15lac,,,
GLCUNT[e],glcunt_e,C6H9O7,D-Glucuronate,e,-1,glcur,,,
C00296[c],c00296_c,C7H12O6,Quinate,c,0,quin,,,
C00296[e],c00296_e,C7H12O6,Quinate,e,0,quin,,,
OBUT[e],obut_e,C4H5O3,2-Oxobutanoate,e,-1,2obut,,,
PROP[e],prop_e,C3H5O2,Propanoate,e,-1,prpnte,,,
HBUT[e],hbut_e,C4H7O3,2-Hydroxybutyrate,e,-1,h4but,,,
HDBUT[e],hdbut_e,C4H7O3,(R)-3-Hydroxybutanoate,e,-1,bhb,,,
DEX[e],dex_e,C24H40O20,Dextrin,e,0,,En realidad son dos dextrinas,,
SALI[c],sali_c,C13H18O7,Salicin,c,0,salcn,,,
2MOP[e],2mop_e,C4H5O3,2-Methyl-3-oxopropanoate,e,-1,2mop,,,
C03619[e],c03619_e,C7H14O6,Methyl beta-D-galactoside,e,0,,No existe en bigg,,
C03619[c],c03619_c,C7H14O6,Methyl beta-D-galactoside,c,0,,No existe en bigg,,
METHOL[e],methol_e,CH4O,methanol,e,0,meoh,,,
BGAL[c],bgal_c,C6H12O6,BGAL_c,c,0,gal_bD,,,
SALAL[e],salal_e,C7H8O2,Salicyl alcohol,e,0,2hymeph,,,
C01879[c],c01879_c,C5H7NO3,5-Oxoproline,c,0,5oxpro,,,
C01879[e],c01879_e,C5H7NO3,5-Oxoproline,e,0,5oxpro,,,
FORMIE[e],formie_e,CH3NO,Formamide,e,0,frmd,,,
MET[e],met_e,C5H11NO2S,L-Methionine,e,0,met__L,,,
SME3P[e],sme3p_e,C7H8O8P,Shikimate3-phosphate,e,-3,skm5p,,,
SME[e],sme_e,C7H9O5,Shikimate,e,-1,skm,,,
STAR[e],star_e,C48H80O40,Starch,e,0,,No hay ese número de unidades,,
HCN[e],hcn_e,,HCN,e,0,hcn,No tiene formula ni charge en bigg,,
